transaction_date,transaction_id,category,region,customer_type,units_sold,unit_price,marketing_spend,discount_rate,total_revenue
2021-01-01,164ce80c,Apparel,West,Retail,59,47.38,8891.21,0.0,2795.42
2021-01-02,37dd4986,Sports,East,Retail,20,88.7,4025.61,0.0,1774.89
2021-01-03,03c70920,Home Goods,Central,Retail,360,163.35,1746.81,0.2,47091.89
2021-01-04,d74eab02,Home Goods,North,Retail,165,159.39,4733.96,0.05,25021.9
2021-01-05,af1515f5,Electronics,Central,Wholesale,79,325.04,1059.56,0.0,25729.57
2021-01-06,951837c0,Electronics,North,Retail,178,241.0,4438.1,0.0,43005.35
2021-01-07,706a2058,Electronics,South,Wholesale,281,266.11,4869.23,0.0,75001.47
2021-01-08,9bb4a7a1,Beauty,North,Retail,77,31.93,1297.19,0.05,2343.86
2021-01-09,32aa0499,Home Goods,West,Corporate,364,149.03,3749.3,0.1,49017.71
2021-01-10,e3e9d7b7,Home Goods,East,Retail,261,120.31,681.28,0.2,25233.88
2021-01-11,2b155ab5,Electronics,South,Retail,57,336.53,2324.4,0.0,19278.22
2021-01-12,4246bd95,Sports,North,Retail,193,99.81,2823.27,0.05,18400.92
2021-01-13,edfbe654,Beauty,Central,Wholesale,329,30.57,3112.9,0.05,9612.04
2021-01-14,eb3e04d9,Electronics,South,Wholesale,196,247.97,4711.72,0.0,48918.35
2021-01-15,195607dd,Electronics,South,Wholesale,99,331.97,3525.13,0.0,33095.32
2021-01-16,f7721674,Electronics,North,Retail,455,310.04,2665.75,0.2,113701.82
2021-01-17,89927bd4,Apparel,South,Retail,341,55.63,4143.54,0.15,16253.48
2021-01-18,8f669969,Apparel,Central,Retail,148,55.02,4777.4,0.0,8212.24
2021-01-19,9180cc28,Apparel,South,Retail,366,56.05,599.3,0.05,19664.16
2021-01-20,1c4c53a8,Electronics,Central,Retail,98,302.15,4921.35,0.0,29892.28
2021-01-21,613f8c9a,Home Goods,North,Corporate,283,128.41,887.59,0.05,34868.6
2021-01-22,8b65aa5d,Electronics,East,Corporate,28,320.53,4164.74,0.05,8615.71
2021-01-23,d40d8b06,Electronics,South,Corporate,480,314.45,1761.51,0.05,144968.06
2021-01-24,58e475a8,Apparel,East,Wholesale,320,54.83,1094.81,0.2,14198.06
2021-01-25,80fbe121,Apparel,Central,Retail,367,43.39,2479.35,0.05,15309.64
2021-01-26,daaf0155,Beauty,South,Retail,383,26.33,3397.8,0.0,10210.57
2021-01-27,75326140,Electronics,West,Retail,475,346.84,2214.28,0.1,150203.59
2021-01-28,74a0808e,Apparel,East,Wholesale,163,54.99,745.54,0.0,9084.5
2021-01-29,f7074945,Home Goods,South,Retail,399,174.48,3197.58,0.0,70593.14
2021-01-30,e3c2a69c,Electronics,East,Retail,269,331.03,4560.81,0.0,90339.54
2021-01-31,f1847b69,Home Goods,South,Retail,117,155.82,6906.27,0.0,18504.68
2021-02-01,c73a54da,Electronics,North,Retail,380,318.49,1473.5,0.1,110613.59
2021-02-02,baa6b6be,Electronics,East,Wholesale,294,346.68,2491.6,0.0,103556.34
2021-02-03,51289834,Sports,West,Wholesale,68,92.83,717.63,0.1,5775.03
2021-02-04,42b46ff5,Sports,West,Retail,134,94.76,4192.19,0.05,12268.22
2021-02-05,319c42c8,Beauty,Central,Corporate,363,25.87,4218.53,0.0,9555.31
2021-02-06,8d8b1172,Apparel,South,Wholesale,282,49.47,3146.0,0.1,12781.71
2021-02-07,34aeef13,Electronics,East,Retail,116,325.96,2088.96,0.0,38511.57
2021-02-08,942c7585,Home Goods,Central,Retail,308,136.25,4099.03,0.0,42763.13
2021-02-09,9f4721fa,Apparel,East,Retail,254,44.04,2996.09,0.05,10834.28
2021-02-10,7b97dee2,Electronics,South,Retail,345,277.65,4216.7,0.0,97706.95
2021-02-11,25dd293b,Apparel,West,Corporate,459,44.82,3341.56,0.0,20994.54
2021-02-12,28632844,Electronics,North,Retail,427,265.78,4029.82,0.05,110080.01
2021-02-13,76629cc2,Sports,West,Wholesale,256,87.28,3193.53,0.05,21683.32
2021-02-14,9a422a64,Electronics,Central,Retail,17,348.93,2363.63,0.0,6062.44
2021-02-15,1cb7adfc,Home Goods,North,Retail,150,150.41,4810.76,0.2,18455.71
2021-02-16,52502d92,Apparel,Central,Retail,371,43.75,2935.01,0.05,15774.7
2021-02-17,ab128d03,Apparel,South,Retail,17,41.53,3222.9,0.15,614.23
2021-02-18,606933a2,Apparel,North,Retail,487,53.91,1492.19,0.0,26884.9
2021-02-19,f255ec9d,Electronics,Central,Corporate,361,285.93,3315.43,0.05,100464.56
2021-02-20,9dbd7301,Sports,South,Retail,493,101.57,3072.23,0.15,43628.05
2021-02-21,7902675e,Beauty,West,Wholesale,103,31.9,1331.77,0.05,3201.09
2021-02-22,7d67de76,Sports,South,Retail,330,100.65,768.14,0.1,30671.05
2021-02-23,b1ea734b,Beauty,East,Retail,436,27.25,3219.62,0.0,12196.16
2021-02-24,8fd013c4,Home Goods,South,Retail,48,161.53,3936.62,0.0,7962.99
2021-02-25,477c2c63,Sports,South,Retail,90,81.5,2855.31,0.0,7536.91
2021-02-26,4e0deb3d,Electronics,East,Retail,196,352.68,1520.48,0.0,71062.73
2021-02-27,8e8773b1,Electronics,Central,Retail,93,316.35,3499.35,0.15,25720.89
2021-02-28,c99db47b,Electronics,Central,Retail,97,278.93,860.48,0.0,27841.63
2021-03-01,e51d46f8,Apparel,South,Retail,251,45.38,2488.25,0.2,9381.39
2021-03-02,04ec2f58,Apparel,East,Retail,351,43.81,4242.6,0.2,12671.27
2021-03-03,4708d3c0,Electronics,East,Retail,102,323.35,1330.07,0.0,33988.65
2021-03-04,39b72b96,Beauty,West,Corporate,95,26.62,1410.32,0.0,2607.37
2021-03-05,d9b3fc55,Apparel,Central,Wholesale,53,51.9,2240.18,0.15,2411.82
2021-03-06,2ad02a5d,Electronics,North,Retail,146,271.75,730.18,0.2,32757.11
2021-03-07,2f9ddce6,Apparel,Central,Retail,430,53.23,2290.07,0.0,23633.53
2021-03-08,9a4d2a6e,Electronics,Central,Corporate,83,337.78,2802.68,0.0,28961.85
2021-03-09,9ddb8e28,Beauty,West,Wholesale,45,33.33,2674.82,0.05,1472.64
2021-03-10,c0045bc4,Electronics,North,Retail,110,331.29,2222.53,0.05,35798.06
2021-03-11,4f1b4336,Sports,West,Wholesale,485,78.75,4276.16,0.0,39512.75
2021-03-12,f58a49fa,Beauty,North,Retail,165,25.05,1153.97,0.1,3850.25
2021-03-13,148d0d35,Electronics,South,Retail,435,323.86,2775.64,0.0,145885.31
2021-03-14,623bd341,Electronics,North,Wholesale,264,284.19,779.19,0.0,77729.81
2021-03-15,4a6ae5f4,Beauty,West,Retail,180,29.18,820.2,0.0,5444.3
2021-03-16,ee11cf8d,Home Goods,Central,Corporate,478,121.86,3082.4,0.0,60406.45
2021-03-17,2d5d3c82,Home Goods,North,Wholesale,225,135.57,3047.08,0.0,31648.27
2021-03-18,9a481507,Beauty,North,Retail,179,24.4,4451.15,0.0,4533.73
2021-03-19,82866308,Electronics,East,Retail,261,345.49,3010.43,0.0,93648.02
2021-03-20,74e30e1e,Apparel,Central,Retail,369,44.86,4819.06,0.0,17199.57
2021-03-21,0696f748,Electronics,South,Retail,331,306.87,719.13,0.0,105590.16
2021-03-22,e6d4bbbe,Beauty,West,Wholesale,64,24.46,941.03,0.2,1302.5
2021-03-23,a9faefe1,Home Goods,South,Retail,465,160.0,698.3,0.0,77416.22
2021-03-24,6904441a,Apparel,Central,Retail,441,46.45,1333.75,0.0,21325.15
2021-03-25,69dd60d9,Electronics,North,Wholesale,100,347.74,2935.72,0.05,34407.64
2021-03-26,2ebd344f,Apparel,North,Retail,287,57.75,3405.07,0.2,13816.85
2021-03-27,18cabdda,Apparel,Central,Wholesale,110,46.5,705.13,0.0,5332.61
2021-03-28,0523d42b,Home Goods,North,Retail,164,174.05,4756.87,0.05,28284.19
2021-03-29,cb22a67d,Home Goods,North,Corporate,386,179.76,4289.74,0.1,65167.86
2021-03-30,e363da12,Beauty,North,Retail,358,33.89,1834.76,0.05,12033.64
2021-03-31,fb7b6d07,Apparel,West,Retail,460,56.89,847.34,0.0,27335.1
2021-04-01,6485c219,Electronics,West,Retail,373,269.87,5109.7,0.05,99936.02
2021-04-02,26349835,Home Goods,East,Retail,150,154.59,1071.25,0.0,24244.63
2021-04-03,bebb8263,Beauty,South,Wholesale,182,24.8,1054.78,0.05,4485.36
2021-04-04,b4ad6a3c,Home Goods,Central,Wholesale,19,125.69,2833.53,0.1,2249.34
2021-04-05,be427532,Beauty,Central,Wholesale,237,35.97,1606.31,0.0,8925.96
2021-04-06,23ee330e,Apparel,Central,Retail,274,46.52,2111.63,0.1,12017.29
2021-04-07,68ec152e,Apparel,East,Retail,447,54.95,4952.77,0.0,25742.84
2021-04-08,872113df,Apparel,West,Retail,257,56.12,3579.41,0.1,13610.74
2021-04-09,479cf141,Electronics,East,Retail,256,342.95,4770.41,0.0,92101.47
2021-04-10,b90c3c3d,Electronics,Central,Wholesale,164,359.7,1141.5,0.0,61913.77
2021-04-11,6ff0a5f6,Electronics,South,Retail,43,268.97,2219.63,0.0,12144.57
2021-04-12,eb2e9e35,Home Goods,North,Retail,138,122.41,2996.29,0.2,14197.21
2021-04-13,aa1d0098,Apparel,West,Retail,169,48.21,845.41,0.0,8563.43
2021-04-14,10a0adec,Apparel,West,Wholesale,98,42.59,518.84,0.0,4388.99
2021-04-15,100ba731,Sports,East,Wholesale,102,72.8,3516.95,0.0,7812.12
2021-04-16,113bfb5e,Electronics,West,Wholesale,336,283.24,3388.19,0.05,95161.5
2021-04-17,51e82b2f,Apparel,Central,Retail,250,55.66,2348.55,0.05,13920.57
2021-04-18,28a4a7d0,Beauty,Central,Retail,332,30.78,2703.4,0.0,10766.22
2021-04-19,aef1c7e8,Electronics,East,Wholesale,477,277.52,2369.49,0.0,139532.56
2021-04-20,fa8897f5,Electronics,Central,Wholesale,413,318.51,608.02,0.0,138720.99
2021-04-21,18bcc7db,Electronics,South,Retail,126,267.83,2009.17,0.0,35604.5
2021-04-22,49319c49,Electronics,East,Wholesale,103,241.72,1296.87,0.0,26280.34
2021-04-23,b3616eb9,Sports,South,Wholesale,172,99.51,942.91,0.1,16267.64
2021-04-24,983f39c3,Beauty,North,Wholesale,108,31.47,4805.24,0.0,3590.98
2021-04-25,36c6cfb5,Home Goods,South,Wholesale,122,165.73,3197.12,0.0,21372.7
2021-04-26,a2b710b5,Beauty,North,Retail,368,24.46,3778.95,0.0,9519.37
2021-04-27,8904edc8,Beauty,North,Retail,100,34.03,1919.14,0.2,2880.46
2021-04-28,597dbb35,Electronics,South,Retail,355,314.33,2269.16,0.2,94497.23
2021-04-29,19a45c07,Beauty,East,Wholesale,215,30.75,1566.16,0.1,6301.53
2021-04-30,29b0c437,Apparel,Central,Wholesale,26,52.48,936.35,0.0,1445.75
2021-05-01,50117504,Beauty,Central,Wholesale,283,34.36,6086.37,0.0,10307.9
2021-05-02,c5cd275d,Beauty,North,Retail,182,31.03,4088.81,0.0,5989.47
2021-05-03,1a6c2252,Apparel,North,Wholesale,125,51.61,3548.96,0.0,6845.17
2021-05-04,81bd0ec6,Electronics,East,Wholesale,358,358.87,2961.18,0.05,129565.38
2021-05-05,09444d4d,Electronics,West,Wholesale,477,330.8,2637.9,0.1,150826.02
2021-05-06,8c8b90f5,Apparel,South,Wholesale,190,48.84,4650.95,0.15,8381.13
2021-05-07,ab43889a,Beauty,North,Wholesale,100,32.48,827.31,0.1,3107.55
2021-05-08,4c53ef33,Beauty,Central,Retail,91,28.66,1762.7,0.0,2773.84
2021-05-09,04b6df79,Electronics,East,Retail,333,267.46,2074.72,0.05,90031.49
2021-05-10,16bbfc95,Apparel,South,Retail,458,51.93,4020.92,0.0,25319.54
2021-05-11,a881147c,Apparel,East,Retail,123,58.55,4966.32,0.0,7670.23
2021-05-12,44dd3899,Electronics,South,Wholesale,266,351.49,1583.02,0.1,89663.83
2021-05-13,c571c509,Electronics,South,Wholesale,67,281.02,4434.38,0.0,20072.25
2021-05-14,b6204d6d,Apparel,North,Retail,163,50.54,4237.8,0.0,8786.4
2021-05-15,6248cf26,Sports,East,Retail,374,79.61,1510.96,0.0,31771.0
2021-05-16,51e54f46,Apparel,East,Wholesale,413,59.9,2297.0,0.05,25089.72
2021-05-17,3e86c9ab,Apparel,Central,Retail,125,59.61,2343.53,0.1,7162.6
2021-05-18,bfd64977,Home Goods,Central,Retail,352,158.96,4901.99,0.0,59790.6
2021-05-19,c6f33eec,Apparel,North,Retail,275,56.08,1314.01,0.1,14838.46
2021-05-20,1fe4c038,Sports,North,Retail,324,97.73,4096.21,0.0,33867.41
2021-05-21,ff93c2c0,Sports,West,Retail,212,93.34,2003.87,0.0,21174.63
2021-05-22,8cf64df7,Electronics,Central,Retail,50,246.39,3788.92,0.1,11870.0
2021-05-23,0bba5c36,Apparel,South,Retail,114,49.09,2390.05,0.05,5694.29
2021-05-24,019f65df,Apparel,East,Wholesale,398,53.49,3102.62,0.2,18250.17
2021-05-25,d19358a8,Electronics,North,Retail,387,321.29,4246.75,0.0,133300.62
2021-05-26,0ff0c05a,Electronics,East,Wholesale,202,284.77,4118.75,0.05,58613.26
2021-05-27,cbd82c3d,Home Goods,East,Retail,410,176.49,4398.9,0.05,73766.11
2021-05-28,d992c00c,Apparel,West,Retail,287,43.34,768.28,0.15,11350.67
2021-05-29,970d6fea,Electronics,Central,Wholesale,363,300.03,3614.23,0.0,116978.36
2021-05-30,e14f0b16,Electronics,North,Retail,246,322.9,1129.94,0.1,76821.4
2021-05-31,02e332f8,Sports,East,Retail,434,97.09,7257.36,0.05,43035.48
2021-06-01,54f50bbf,Electronics,North,Retail,230,317.83,2968.65,0.0,78625.54
2021-06-02,62060091,Electronics,South,Wholesale,77,273.03,2312.33,0.0,22622.68
2021-06-03,9a5a4cd0,Apparel,West,Retail,206,43.12,2838.25,0.0,9562.93
2021-06-04,134648f2,Sports,South,Retail,265,94.88,4984.37,0.05,25727.11
2021-06-05,f9d5d6ae,Electronics,North,Wholesale,148,311.91,1108.48,0.15,42282.29
2021-06-06,790e2127,Home Goods,North,Retail,321,130.75,3539.55,0.05,42985.36
2021-06-07,8933b718,Beauty,Central,Wholesale,444,32.45,2282.0,0.05,14762.95
2021-06-08,062e8769,Electronics,East,Wholesale,158,294.61,1098.54,0.05,47717.91
2021-06-09,8d8283bc,Home Goods,East,Corporate,108,160.05,1214.32,0.0,18660.96
2021-06-10,c5b8a30a,Apparel,South,Retail,85,56.74,4771.73,0.0,5209.12
2021-06-11,3d69d19d,Home Goods,West,Wholesale,291,130.18,4458.21,0.0,40934.96
2021-06-12,8e4ffd38,Home Goods,East,Retail,380,121.14,4581.69,0.0,49765.62
2021-06-13,105245ce,Apparel,Central,Retail,412,55.57,4961.9,0.0,24762.64
2021-06-14,9d69ff75,Electronics,South,Retail,118,313.15,1437.42,0.05,37985.53
2021-06-15,80375a85,Beauty,South,Wholesale,197,32.38,2099.48,0.0,6905.64
2021-06-16,8a596173,Apparel,Central,Retail,208,56.75,3511.49,0.0,12784.71
2021-06-17,f43c91d9,Electronics,West,Retail,312,336.33,2677.11,0.0,113705.8
2021-06-18,14f252c8,Electronics,Central,Retail,336,355.3,2382.75,0.0,129418.83
2021-06-19,01fdbc8b,Home Goods,West,Wholesale,163,152.15,2110.15,0.15,22863.46
2021-06-20,59657b69,Home Goods,Central,Wholesale,49,149.3,3172.01,0.15,6747.43
2021-06-21,29434318,Electronics,Central,Wholesale,142,288.22,3090.17,0.1,39987.02
2021-06-22,f62d665a,Apparel,North,Retail,414,43.07,1226.56,0.0,19365.98
2021-06-23,2c044bc1,Electronics,South,Retail,471,308.7,2622.83,0.1,142188.47
2021-06-24,a889807e,Home Goods,Central,Wholesale,141,136.61,2990.62,0.1,18845.53
2021-06-25,034afc3d,Electronics,Central,Retail,288,350.55,3066.29,0.1,98820.99
2021-06-26,4f14db63,Home Goods,East,Retail,371,154.98,1445.48,0.0,62562.43
2021-06-27,31231919,Apparel,South,Wholesale,93,51.85,3840.22,0.05,4986.77
2021-06-28,47052af3,Sports,East,Corporate,408,84.77,613.4,0.1,33900.67
2021-06-29,9f63b21b,Electronics,South,Wholesale,251,246.23,2096.74,0.05,63973.67
2021-06-30,2572f4df,Apparel,East,Wholesale,125,40.63,7537.83,0.05,5259.48
2021-07-01,4e21cb95,Electronics,Central,Corporate,118,290.79,3037.52,0.0,37421.67
2021-07-02,7224fe98,Sports,Central,Retail,230,75.04,1675.23,0.05,17889.79
2021-07-03,a36cf81c,Beauty,North,Retail,401,31.27,3627.29,0.0,13687.76
2021-07-04,fd119e25,Electronics,East,Corporate,50,345.71,3053.26,0.05,17933.49
2021-07-05,bd00fd3c,Home Goods,West,Retail,377,172.96,4083.1,0.0,71243.51
2021-07-06,c98bf319,Beauty,North,Wholesale,156,31.9,3807.61,0.0,5439.67
2021-07-07,5a2182f3,Home Goods,East,Retail,121,132.67,3245.49,0.0,17555.53
2021-07-08,684349a2,Apparel,East,Retail,112,57.25,2696.8,0.05,6664.56
2021-07-09,50b2f45b,Electronics,North,Wholesale,55,346.32,1099.32,0.0,20849.4
2021-07-10,907d967b,Electronics,Central,Corporate,421,263.59,1676.0,0.05,115448.01
2021-07-11,9dcd4d39,Beauty,East,Wholesale,484,32.84,2385.95,0.1,15672.61
2021-07-12,9ca71a74,Sports,Central,Retail,333,82.31,3196.85,0.0,30043.15
2021-07-13,058786d3,Home Goods,North,Wholesale,387,168.15,2811.69,0.0,71359.98
2021-07-14,5b8d6e38,Apparel,Central,Retail,280,59.93,1796.83,0.0,18409.73
2021-07-15,99c797b1,Apparel,South,Retail,492,40.59,529.09,0.15,18631.43
2021-07-16,8ffe5c53,Home Goods,West,Retail,430,173.83,2733.08,0.05,77975.46
2021-07-17,565c586b,Beauty,East,Retail,394,31.46,1785.32,0.0,13617.39
2021-07-18,e39ff27e,Beauty,West,Retail,204,35.67,3805.74,0.0,7997.79
2021-07-19,9a48ac5c,Beauty,Central,Corporate,376,29.57,607.76,0.05,11614.42
2021-07-20,e820c6bd,Home Goods,East,Wholesale,289,170.83,3131.73,0.15,46165.03
2021-07-21,89707d15,Electronics,Central,Wholesale,292,247.48,4736.63,0.1,71580.58
2021-07-22,84b43d69,Electronics,South,Retail,49,280.22,1284.84,0.05,14363.03
2021-07-23,e4ceac20,Beauty,North,Corporate,456,24.8,2622.42,0.0,12457.79
2021-07-24,6753f6a5,Home Goods,East,Corporate,198,178.51,911.4,0.0,38953.78
2021-07-25,e7f1fef8,Electronics,South,Wholesale,173,338.03,3315.57,0.0,64479.31
2021-07-26,48396bf0,Electronics,South,Retail,491,342.29,2977.39,0.0,185392.35
2021-07-27,604665bc,Home Goods,East,Retail,486,176.27,2333.14,0.0,94542.65
2021-07-28,7ef36bc6,Electronics,Central,Retail,33,250.2,2846.2,0.0,9116.15
2021-07-29,60ac7570,Electronics,South,Retail,33,286.26,4534.59,0.0,10434.74
2021-07-30,ddb8a78e,Apparel,West,Retail,499,41.41,4741.8,0.15,19410.12
2021-07-31,58767249,Home Goods,South,Corporate,13,132.64,601.54,0.05,1811.1
2021-08-01,9a51109c,Home Goods,Central,Retail,332,133.75,4377.49,0.1,44204.98
2021-08-02,e76e7943,Electronics,Central,Retail,299,296.28,3097.03,0.1,88228.58
2021-08-03,c6cb8eb8,Home Goods,West,Retail,450,136.1,4507.96,0.0,67804.77
2021-08-04,905010e5,Electronics,South,Retail,442,252.11,3186.25,0.1,111081.26
2021-08-05,c08148ce,Apparel,Central,Retail,480,43.34,4145.72,0.0,23052.19
2021-08-06,2a9284d3,Home Goods,East,Retail,190,128.83,2433.53,0.05,25779.38
2021-08-07,93b4eb8c,Home Goods,North,Retail,257,178.37,3874.37,0.0,50842.77
2021-08-08,1a7082b3,Beauty,North,Wholesale,125,33.1,4608.69,0.2,3672.81
2021-08-09,1b2d5d6c,Home Goods,North,Corporate,288,178.05,3074.55,0.0,56924.67
2021-08-10,bfa14a06,Home Goods,South,Retail,374,146.37,1313.53,0.0,60797.47
2021-08-11,09bd9821,Electronics,West,Retail,78,273.4,1709.59,0.15,20140.47
2021-08-12,8a2bd011,Apparel,Central,Wholesale,360,55.95,1393.9,0.0,22390.08
2021-08-13,70452ba2,Electronics,East,Retail,263,279.14,1610.86,0.05,77562.18
2021-08-14,3916b304,Electronics,East,Retail,190,275.92,1878.87,0.1,52495.64
2021-08-15,19feecaf,Sports,South,Wholesale,327,80.36,2998.1,0.1,26325.07
2021-08-16,da18ba13,Apparel,North,Retail,178,42.59,3145.96,0.2,6753.86
2021-08-17,2b9be49a,Beauty,South,Wholesale,322,27.07,2419.25,0.2,7768.98
2021-08-18,c1d47159,Home Goods,West,Retail,258,141.31,3269.39,0.0,40636.6
2021-08-19,0f9d4aa2,Beauty,West,Retail,197,32.08,867.09,0.1,6342.53
2021-08-20,5564de54,Apparel,Central,Retail,63,41.24,895.05,0.05,2753.58
2021-08-21,900a9e31,Home Goods,Central,Wholesale,335,132.62,1273.23,0.05,47107.15
2021-08-22,716fafe9,Apparel,West,Retail,366,56.17,2831.35,0.0,22955.65
2021-08-23,f008bbd9,Electronics,West,Retail,322,257.62,1462.98,0.05,88035.48
2021-08-24,cc016e1b,Home Goods,West,Wholesale,147,140.55,1774.78,0.2,18472.74
2021-08-25,305279bf,Electronics,South,Retail,177,343.75,2301.41,0.15,57825.92
2021-08-26,d61925e3,Electronics,West,Retail,400,258.58,4153.4,0.0,115700.96
2021-08-27,f7ea7d1e,Home Goods,East,Wholesale,112,124.96,562.38,0.0,15662.65
2021-08-28,a5d34edd,Electronics,North,Retail,431,298.13,3422.2,0.0,143864.44
2021-08-29,75e90a14,Sports,West,Wholesale,94,82.88,6346.03,0.1,7853.89
2021-08-30,cb995201,Sports,North,Wholesale,326,92.27,4093.95,0.1,30337.46
2021-08-31,d5f8e4e8,Sports,South,Wholesale,221,100.93,4697.39,0.0,25007.2
2021-09-01,864aec6c,Apparel,North,Retail,12,42.73,590.62,0.0,575.12
2021-09-02,882c9639,Electronics,South,Corporate,393,309.67,1192.03,0.0,136562.61
2021-09-03,36b484cd,Sports,East,Retail,188,90.19,4487.77,0.0,19034.87
2021-09-04,45938265,Apparel,South,Wholesale,351,42.87,2563.33,0.15,14365.04
2021-09-05,3c441361,Sports,South,Retail,312,94.45,3040.66,0.05,31455.82
2021-09-06,362684d7,Sports,Central,Retail,461,81.84,3483.62,0.0,42411.22
2021-09-07,add64b8e,Beauty,West,Retail,485,29.84,3555.8,0.05,15462.22
2021-09-08,56d78086,Electronics,West,Corporate,341,249.86,4692.83,0.0,95863.2
2021-09-09,28a548b4,Apparel,East,Corporate,47,49.18,4986.27,0.2,2081.47
2021-09-10,ff628168,Beauty,East,Retail,429,27.67,3740.71,0.0,13367.6
2021-09-11,040771c5,Apparel,West,Retail,248,56.44,1792.5,0.0,15769.53
2021-09-12,d8cd037d,Electronics,Central,Wholesale,178,246.83,4458.89,0.0,49521.16
2021-09-13,4eea862f,Home Goods,West,Retail,462,145.11,721.49,0.05,71817.23
2021-09-14,5194fb85,Sports,Central,Retail,406,88.49,1539.86,0.05,38503.68
2021-09-15,0abd8575,Home Goods,East,Wholesale,352,163.49,4538.24,0.1,58455.78
2021-09-16,93c386cb,Home Goods,North,Retail,323,154.45,1652.86,0.0,56329.26
2021-09-17,45b8c023,Electronics,East,Corporate,315,320.05,1492.93,0.0,113884.46
2021-09-18,912921c4,Home Goods,East,Retail,39,166.61,1121.56,0.0,7343.35
2021-09-19,cc186860,Sports,South,Retail,199,103.03,4366.0,0.05,22022.22
2021-09-20,35a95498,Electronics,South,Retail,366,277.66,2750.26,0.0,114949.57
2021-09-21,541dbad2,Apparel,South,Wholesale,34,50.75,3537.02,0.05,1855.0
2021-09-22,e81eac6f,Beauty,South,Retail,121,34.07,1575.8,0.15,3967.1
2021-09-23,27853dcf,Home Goods,Central,Wholesale,420,179.36,3911.18,0.15,72524.19
2021-09-24,5c245856,Home Goods,West,Retail,444,173.36,3920.02,0.0,87219.34
2021-09-25,7bddeb7f,Home Goods,North,Wholesale,215,142.28,1906.69,0.0,34678.08
2021-09-26,b79bfecd,Apparel,East,Retail,194,43.89,2348.07,0.0,9656.77
2021-09-27,37506ef9,Electronics,Central,Retail,391,298.72,1443.61,0.05,125898.54
2021-09-28,9e422ebe,Beauty,North,Wholesale,388,32.89,9771.14,0.1,13037.24
2021-09-29,2d2c13c9,Beauty,Central,Retail,56,29.9,3405.21,0.0,1901.51
2021-09-30,657f4a40,Beauty,Central,Retail,383,29.79,4705.45,0.0,12962.82
2021-10-01,ba90662b,Sports,East,Wholesale,237,102.16,1865.23,0.1,24768.14
2021-10-02,e603fff8,Apparel,West,Retail,48,47.22,4018.51,0.15,2190.78
2021-10-03,6dc384ce,Apparel,South,Wholesale,25,57.18,3946.36,0.0,1626.25
2021-10-04,e7e247a9,Beauty,West,Retail,31,28.87,3612.45,0.05,967.67
2021-10-05,4bee09f2,Home Goods,East,Wholesale,222,139.68,4845.38,0.0,35308.0
2021-10-06,27b04739,Home Goods,East,Retail,319,147.23,2271.0,0.0,53501.23
2021-10-07,b87a0891,Beauty,East,Retail,158,33.14,1088.23,0.15,5072.2
2021-10-08,b1e588e4,Beauty,North,Corporate,465,25.5,3522.69,0.1,12167.29
2021-10-09,6ecab20f,Apparel,West,Wholesale,250,43.92,3781.89,0.1,11271.81
2021-10-10,3f5ccb4b,Apparel,West,Retail,281,59.02,3087.77,0.0,18925.39
2021-10-11,85046915,Electronics,Central,Retail,68,261.05,1430.68,0.1,18239.16
2021-10-12,23fc8d47,Home Goods,Central,Wholesale,296,154.05,2770.05,0.0,52080.31
2021-10-13,b255d5ce,Electronics,Central,Retail,435,309.51,1904.85,0.0,153841.81
2021-10-14,d0a62525,Apparel,East,Wholesale,211,49.78,2423.6,0.05,11406.74
2021-10-15,8efa7d17,Apparel,West,Wholesale,41,52.88,3403.48,0.0,2479.51
2021-10-16,89afbfe0,Electronics,East,Retail,452,267.57,3853.47,0.1,124537.2
2021-10-17,4643b443,Home Goods,North,Retail,171,153.15,1545.01,0.05,28477.86
2021-10-18,5126d6e7,Electronics,Central,Wholesale,264,284.65,2323.96,0.0,86054.91
2021-10-19,ca2b3a7c,Electronics,East,Retail,263,319.39,1711.23,0.0,96233.74
2021-10-20,078286ea,Beauty,East,Retail,18,25.69,1393.84,0.0,530.0
2021-10-21,c2518b7d,Apparel,North,Corporate,474,51.41,4025.24,0.0,27941.88
2021-10-22,2686535c,Electronics,South,Retail,148,262.22,4591.64,0.05,42293.17
2021-10-23,a4c8d945,Apparel,West,Wholesale,489,45.56,2166.04,0.1,23011.43
2021-10-24,d6112894,Beauty,South,Retail,19,26.62,3880.76,0.0,580.71
2021-10-25,977984b4,Electronics,Central,Retail,223,261.93,4536.48,0.0,67093.02
2021-10-26,61ea8c93,Home Goods,East,Retail,282,169.53,4307.56,0.05,52191.01
2021-10-27,277607e1,Electronics,North,Retail,333,274.28,1322.66,0.1,94503.17
2021-10-28,4587ba53,Electronics,North,Retail,57,351.24,7231.76,0.0,23026.79
2021-10-29,2ef0118b,Apparel,West,Retail,445,59.39,2195.04,0.0,30410.03
2021-10-30,7bdea54c,Apparel,South,Wholesale,120,51.41,2026.58,0.05,6746.6
2021-10-31,511ec083,Home Goods,West,Retail,162,128.57,780.94,0.0,23986.99
2021-11-01,f56259e6,Home Goods,East,Retail,132,142.46,2687.78,0.0,21665.9
2021-11-02,a6c02786,Sports,West,Retail,414,100.71,990.56,0.1,43252.77
2021-11-03,4d85f649,Apparel,North,Retail,366,47.34,1618.43,0.05,18981.04
2021-11-04,3f42e2ff,Apparel,North,Retail,111,41.73,1926.24,0.05,5076.57
2021-11-05,d69199e3,Beauty,Central,Retail,250,30.67,4139.72,0.1,7964.53
2021-11-06,e71627c3,Electronics,Central,Retail,330,341.4,4439.7,0.05,123581.42
2021-11-07,952aba92,Apparel,East,Retail,200,55.91,1861.1,0.0,12916.94
2021-11-08,25fc4aaf,Electronics,South,Retail,226,261.01,4364.14,0.0,68170.12
2021-11-09,c38d333a,Electronics,West,Wholesale,60,320.72,4357.54,0.0,22248.14
2021-11-10,9803e975,Sports,East,Retail,301,79.93,3940.93,0.0,27827.92
2021-11-11,f35e9f38,Beauty,Central,Retail,90,26.61,1160.13,0.05,2632.71
2021-11-12,3409506f,Home Goods,West,Wholesale,498,172.43,3606.45,0.15,84496.99
2021-11-13,9449710c,Apparel,Central,Retail,392,44.98,4752.61,0.2,16336.66
2021-11-14,6d6c8e74,Electronics,West,Wholesale,97,271.58,3571.43,0.05,28996.7
2021-11-15,27066525,Electronics,South,Retail,203,240.07,1992.28,0.0,56490.71
2021-11-16,95c2289d,Electronics,East,Retail,113,344.47,2752.61,0.0,45139.88
2021-11-17,8a267b10,Apparel,West,Retail,280,55.84,3405.76,0.1,16325.4
2021-11-18,8df2ea6e,Home Goods,North,Retail,105,157.63,2797.57,0.05,18249.76
2021-11-19,18d43727,Home Goods,North,Wholesale,432,165.0,1039.79,0.05,78629.19
2021-11-20,79fcc36e,Electronics,West,Retail,388,258.24,1904.29,0.1,104755.64
2021-11-21,f5a97050,Sports,West,Wholesale,207,88.49,4110.78,0.1,19159.04
2021-11-22,7fc6c44e,Home Goods,West,Retail,10,141.06,4376.38,0.1,1476.05
2021-11-23,25f97d3e,Home Goods,North,Retail,416,125.62,1117.85,0.0,60784.49
2021-11-24,5f4634d3,Home Goods,North,Retail,387,149.16,4785.74,0.1,60455.15
2021-11-25,7d3b1076,Apparel,West,Retail,176,58.4,1979.7,0.15,10170.88
2021-11-26,24443b36,Electronics,Central,Retail,135,244.8,3480.41,0.0,38489.84
2021-11-27,1a2afe3d,Apparel,Central,Wholesale,322,45.82,7622.7,0.05,16331.35
2021-11-28,490711ff,Beauty,South,Wholesale,90,26.48,4153.76,0.0,2778.01
2021-11-29,6cd115aa,Electronics,East,Retail,427,268.57,4755.87,0.2,106988.18
2021-11-30,f49a8d64,Electronics,Central,Wholesale,260,349.0,1908.14,0.0,105863.33
2021-12-01,bac7e3e9,Electronics,North,Corporate,178,296.16,4363.28,0.05,58452.5
2021-12-02,b3111071,Electronics,Central,Wholesale,486,295.95,1092.59,0.0,167947.63
2021-12-03,e7fba91b,Beauty,South,Retail,82,33.12,3672.68,0.1,2855.3
2021-12-04,60f2c765,Home Goods,South,Wholesale,150,129.26,3838.9,0.0,22659.32
2021-12-05,c58fef6c,Apparel,East,Retail,79,49.74,3549.75,0.0,4594.2
2021-12-06,b8100cfd,Electronics,Central,Corporate,271,291.59,1635.42,0.0,92428.34
2021-12-07,94548f23,Apparel,North,Retail,349,51.93,4428.69,0.15,18026.51
2021-12-08,e7eff575,Apparel,North,Retail,317,59.98,1259.86,0.0,22258.73
2021-12-09,69f7dfc6,Electronics,West,Wholesale,254,332.32,741.36,0.0,98857.72
2021-12-10,f2ce4623,Apparel,North,Retail,12,47.95,3728.59,0.1,606.76
2021-12-11,5a74138e,Apparel,East,Corporate,346,56.54,2639.64,0.05,21784.47
2021-12-12,bac8b71f,Home Goods,East,Corporate,72,130.23,4320.94,0.15,9346.29
2021-12-13,fc3020ef,Home Goods,North,Wholesale,58,121.82,2225.29,0.0,8289.13
2021-12-14,ae22615d,Electronics,North,Retail,85,264.52,1257.25,0.05,25069.66
2021-12-15,4f2226c6,Apparel,West,Wholesale,377,46.8,4263.99,0.0,20716.66
2021-12-16,dfce1a87,Home Goods,North,Retail,184,150.62,2970.09,0.0,32555.03
2021-12-17,9b04e4a8,Apparel,West,Retail,118,52.29,1351.38,0.05,6888.53
2021-12-18,b0f3ae7d,Beauty,West,Wholesale,192,34.92,3741.73,0.05,7488.36
2021-12-19,3544e517,Home Goods,North,Retail,201,150.58,2800.01,0.1,32038.95
2021-12-20,98468820,Electronics,South,Retail,74,300.14,3219.41,0.0,26134.41
2021-12-21,a09c06f1,Electronics,South,Corporate,346,246.02,2574.04,0.0,100204.76
2021-12-22,fe4ee4db,Home Goods,West,Retail,460,122.09,4229.19,0.0,66140.03
2021-12-23,31090b8d,Electronics,North,Retail,483,306.13,4233.03,0.2,139365.08
2021-12-24,a093b77f,Home Goods,South,Corporate,280,146.28,3692.25,0.0,48276.79
2021-12-25,a054c3a5,Sports,North,Retail,109,102.2,974.31,0.0,13135.82
2021-12-26,4885bceb,Home Goods,North,Wholesale,41,129.63,4274.84,0.0,6269.8
2021-12-27,351c1cdc,Apparel,North,Corporate,361,40.49,6367.21,0.05,16388.04
2021-12-28,b63fc7ee,Home Goods,Central,Corporate,137,146.93,3636.61,0.0,23766.41
2021-12-29,7867fa6a,Apparel,North,Wholesale,461,44.74,2133.42,0.15,20707.72
2021-12-30,09191994,Apparel,Central,Retail,411,40.98,4456.76,0.0,19902.8
2021-12-31,67428998,Sports,West,Retail,378,98.07,3764.17,0.15,37250.43
2022-01-01,89b85c84,Apparel,South,Wholesale,348,42.22,1006.66,0.0,17376.64
2022-01-02,8ee2679c,Sports,South,Wholesale,52,93.89,2335.0,0.05,5487.8
2022-01-03,c3f646dc,Sports,South,Retail,381,82.11,4488.71,0.15,31475.72
2022-01-04,d76abdab,Electronics,South,Retail,428,260.81,712.39,0.0,132186.55
2022-01-05,75b6657f,Electronics,South,Retail,497,285.56,4826.37,0.2,134507.51
2022-01-06,31276288,Electronics,South,Retail,87,336.16,3556.23,0.0,34661.83
2022-01-07,c6830f79,Electronics,South,Wholesale,323,287.04,3341.19,0.15,93440.13
2022-01-08,eeebd947,Electronics,West,Retail,298,330.08,1717.52,0.05,110843.94
2022-01-09,851d4d1b,Home Goods,North,Corporate,279,127.52,1619.56,0.0,42220.03
2022-01-10,0c6891df,Electronics,East,Wholesale,171,332.72,4739.26,0.0,67545.16
2022-01-11,a41d0288,Apparel,Central,Retail,198,44.73,1842.23,0.0,10518.8
2022-01-12,bee066e4,Beauty,East,Wholesale,256,32.12,3989.77,0.0,9770.14
2022-01-13,48fdcf33,Electronics,East,Retail,397,307.88,2269.05,0.0,145291.47
2022-01-14,8fb11219,Beauty,North,Retail,225,35.14,1126.64,0.0,9402.32
2022-01-15,fa231af2,Electronics,North,Wholesale,324,286.47,548.22,0.0,110422.57
2022-01-16,f9991599,Electronics,North,Wholesale,422,247.93,2949.16,0.1,112072.85
2022-01-17,f276d3dc,Home Goods,South,Wholesale,348,121.14,4891.0,0.0,50195.61
2022-01-18,bfcbb8db,Home Goods,West,Retail,399,169.6,2161.11,0.0,80608.38
2022-01-19,49cc76e6,Beauty,South,Retail,386,30.29,2107.37,0.05,13236.53
2022-01-20,f58dab1b,Home Goods,West,Wholesale,490,166.5,2048.41,0.0,97265.0
2022-01-21,b317cfb2,Beauty,West,Retail,442,26.8,2842.45,0.0,14128.16
2022-01-22,d5985b37,Electronics,East,Retail,177,281.4,2482.99,0.0,59430.33
2022-01-23,d1c3cd06,Electronics,East,Retail,348,243.6,4459.62,0.15,86013.84
2022-01-24,10877cff,Beauty,West,Wholesale,202,35.53,2774.84,0.1,7713.72
2022-01-25,e44f49ff,Beauty,West,Retail,462,32.0,2784.91,0.0,17662.37
2022-01-26,624c7b2e,Sports,South,Wholesale,292,105.58,3959.7,0.05,35004.75
2022-01-27,193d8b88,Apparel,South,Corporate,345,45.3,4922.33,0.05,17752.58
2022-01-28,6407ad6f,Apparel,East,Retail,399,52.22,1624.88,0.05,23677.5
2022-01-29,96c5d360,Beauty,North,Retail,497,32.13,830.14,0.05,18154.1
2022-01-30,f8f0218d,Apparel,West,Retail,22,46.34,3484.16,0.05,1159.49
2022-01-31,177d32ed,Sports,South,Wholesale,249,102.52,3179.15,0.0,30574.2
2022-02-01,70856363,Beauty,East,Retail,329,35.35,2368.16,0.0,13935.22
2022-02-02,7179becb,Apparel,South,Retail,455,57.69,2399.87,0.0,31464.58
2022-02-03,f50cb7be,Beauty,West,Retail,492,32.86,4032.79,0.15,16479.46
2022-02-04,1f1cb21b,Beauty,West,Wholesale,156,27.32,1380.71,0.05,4857.37
2022-02-05,c4391f14,Electronics,Central,Retail,213,273.78,4191.14,0.1,62990.86
2022-02-06,6501480a,Sports,North,Wholesale,89,106.67,3419.36,0.2,9119.21
2022-02-07,f006a232,Apparel,Central,Corporate,388,40.2,2385.36,0.0,18735.86
2022-02-08,67c631de,Beauty,East,Retail,52,32.58,2561.13,0.05,1934.08
2022-02-09,d2b06111,Apparel,South,Wholesale,467,54.11,1654.91,0.05,28859.95
2022-02-10,340f88c5,Beauty,East,Retail,98,31.46,3884.51,0.2,2966.42
2022-02-11,03783812,Apparel,West,Wholesale,157,59.79,2807.94,0.2,9035.6
2022-02-12,16baf30b,Electronics,Central,Wholesale,104,277.42,1943.85,0.05,32992.43
2022-02-13,883cf8e0,Sports,Central,Wholesale,461,84.23,3182.23,0.0,46759.29
2022-02-14,2d78e8d5,Electronics,Central,Retail,437,249.46,4980.81,0.1,118196.73
2022-02-15,ddc1d20a,Apparel,East,Retail,160,48.85,2458.68,0.0,9419.88
2022-02-16,16143507,Sports,West,Retail,11,81.39,4643.11,0.1,971.51
2022-02-17,314b6fbc,Sports,South,Retail,385,84.35,2052.58,0.15,33295.56
2022-02-18,df875bb7,Home Goods,South,Retail,31,170.06,746.3,0.0,6361.59
2022-02-19,2b3a8a5c,Home Goods,East,Retail,380,176.12,1419.09,0.05,76753.41
2022-02-20,f701f3ee,Apparel,Central,Retail,322,43.71,2384.13,0.0,16998.03
2022-02-21,53e8207b,Electronics,North,Retail,494,284.69,1488.36,0.0,169918.61
2022-02-22,28c6b9b3,Apparel,East,Wholesale,337,58.56,501.02,0.0,23853.53
2022-02-23,595040ed,Home Goods,East,Retail,16,123.7,4617.51,0.1,2153.94
2022-02-24,df948e58,Beauty,West,Retail,215,25.1,4297.46,0.15,5548.97
2022-02-25,46acc960,Beauty,South,Retail,449,25.94,7055.22,0.15,11981.08
2022-02-26,9de82acb,Beauty,East,Retail,384,31.13,1255.17,0.0,14472.74
2022-02-27,cfc9dd9a,Electronics,East,Corporate,460,258.05,1041.64,0.15,122208.24
2022-02-28,64aba88e,Apparel,Central,Retail,123,59.35,804.22,0.1,7961.0
2022-03-01,d0c351f9,Electronics,Central,Wholesale,281,293.6,3758.13,0.0,100009.45
2022-03-02,849b8529,Apparel,North,Corporate,92,50.02,4679.64,0.0,5580.71
2022-03-03,ffd4d42a,Apparel,West,Wholesale,188,44.92,2437.41,0.0,10245.54
2022-03-04,588f0fb5,Beauty,North,Wholesale,219,29.64,1036.13,0.15,6696.65
2022-03-05,b6c194d4,Apparel,Central,Wholesale,473,53.23,2805.77,0.05,29042.67
2022-03-06,6fbc284e,Electronics,South,Corporate,337,330.13,2069.74,0.1,121627.48
2022-03-07,101705bf,Electronics,Central,Wholesale,133,330.45,2186.71,0.0,53408.53
2022-03-08,abb5be95,Beauty,West,Retail,490,30.92,3295.99,0.1,16577.16
2022-03-09,3087a5ee,Home Goods,Central,Wholesale,122,174.25,3734.23,0.0,25854.93
2022-03-10,cd36c0c2,Electronics,West,Retail,21,338.08,997.72,0.0,8638.3
2022-03-11,cac87fbb,Electronics,West,Wholesale,135,330.83,660.16,0.05,51645.25
2022-03-12,2f5aedc2,Home Goods,West,Retail,62,123.33,4974.49,0.0,9311.23
2022-03-13,ce557e4f,Electronics,West,Retail,340,240.82,1547.28,0.1,89771.62
2022-03-14,e0753fea,Beauty,West,Retail,398,26.54,742.24,0.0,12873.23
2022-03-15,e49bddae,Home Goods,South,Retail,292,159.8,1354.44,0.05,54046.18
2022-03-16,1acd099e,Electronics,North,Retail,149,289.33,675.31,0.0,52582.32
2022-03-17,8e0a5eee,Electronics,East,Retail,410,288.28,2263.15,0.05,137012.5
2022-03-18,716a5b64,Sports,North,Retail,399,103.83,4110.81,0.0,50572.23
2022-03-19,3a3be806,Apparel,West,Retail,106,57.9,2035.6,0.0,7495.12
2022-03-20,d407273f,Apparel,South,Wholesale,14,58.17,2498.83,0.15,845.7
2022-03-21,9c077646,Beauty,Central,Retail,66,27.76,3540.14,0.0,2239.31
2022-03-22,46c192d6,Sports,South,Retail,421,96.87,2790.02,0.1,44878.87
2022-03-23,38c57b4d,Sports,West,Wholesale,343,81.77,4376.51,0.2,27446.3
2022-03-24,c421fc7e,Beauty,South,Retail,78,26.28,4397.16,0.0,2508.44
2022-03-25,644ef6d1,Apparel,South,Retail,127,43.68,544.6,0.0,6791.21
2022-03-26,747106f2,Electronics,West,Wholesale,385,281.04,4001.21,0.05,125889.92
2022-03-27,7decd80c,Beauty,South,Wholesale,68,29.15,7569.68,0.2,1942.91
2022-03-28,1ff3ed7f,Home Goods,East,Retail,42,169.85,4949.78,0.15,7432.37
2022-03-29,c7cd633b,Apparel,East,Retail,327,42.39,2674.54,0.05,16147.5
2022-03-30,3b6132f6,Sports,South,Corporate,59,98.45,4941.03,0.1,6412.95
2022-03-31,b1470d38,Electronics,Central,Wholesale,377,303.76,3895.56,0.0,140539.02
2022-04-01,7c047b52,Apparel,West,Retail,498,45.75,1618.72,0.2,22377.55
2022-04-02,5372f563,Electronics,East,Wholesale,28,299.13,2922.78,0.2,8229.76
2022-04-03,32f087bc,Apparel,Central,Retail,223,45.99,4964.61,0.0,12601.56
2022-04-04,12a893ee,Electronics,South,Retail,206,311.52,4358.89,0.0,78883.47
2022-04-05,84f07402,Electronics,Central,Retail,388,292.05,938.15,0.0,139347.32
2022-04-06,699b854f,Electronics,North,Wholesale,459,259.72,3678.67,0.0,146657.57
2022-04-07,1449c897,Home Goods,East,Retail,487,126.99,2055.11,0.1,68502.12
2022-04-08,13ac2ecf,Home Goods,South,Wholesale,56,152.79,531.42,0.0,10534.71
2022-04-09,eea9aafb,Home Goods,West,Retail,176,174.13,2315.66,0.0,37748.73
2022-04-10,6a5e95c3,Sports,South,Retail,461,84.37,1556.39,0.0,47927.14
2022-04-11,3c04b856,Apparel,West,Retail,298,54.65,4184.91,0.2,16060.73
2022-04-12,781dc3df,Electronics,South,Wholesale,150,319.03,2017.99,0.05,56064.97
2022-04-13,29a117d3,Beauty,Central,Retail,93,35.17,4223.86,0.0,4035.31
2022-04-14,68ef50d9,Electronics,Central,Retail,191,338.51,502.69,0.0,79799.92
2022-04-15,b1b4fde1,Sports,Central,Wholesale,400,92.39,1885.19,0.2,36504.69
2022-04-16,a38dc9aa,Electronics,North,Retail,88,318.83,1585.24,0.1,31191.34
2022-04-17,184c56d7,Sports,West,Corporate,224,104.33,1551.05,0.0,28879.05
2022-04-18,e306f794,Electronics,Central,Retail,23,287.93,806.84,0.0,8186.84
2022-04-19,529f9c55,Beauty,North,Wholesale,224,27.91,1342.06,0.0,7731.88
2022-04-20,7fc68a23,Apparel,West,Retail,412,40.21,2999.97,0.0,20496.72
2022-04-21,d2c6966d,Sports,South,Corporate,137,101.74,1811.12,0.05,16389.46
2022-04-22,be940869,Electronics,North,Retail,319,336.11,2378.28,0.15,112848.36
2022-04-23,deeedf42,Home Goods,East,Retail,486,126.26,2195.9,0.0,76011.93
2022-04-24,26646734,Sports,North,Retail,257,92.76,4441.57,0.1,26588.36
2022-04-25,30e2a5e2,Apparel,North,Retail,413,49.27,4573.85,0.0,25226.86
2022-04-26,0ed4ddac,Home Goods,West,Retail,38,127.11,4883.21,0.1,5391.53
2022-04-27,76654d13,Home Goods,South,Corporate,289,178.82,1985.7,0.1,57708.19
2022-04-28,8e0e70f1,Apparel,East,Retail,347,44.29,980.6,0.0,19076.18
2022-04-29,ba10a1de,Home Goods,Central,Wholesale,328,124.03,4790.31,0.0,50516.34
2022-04-30,89f70bc9,Home Goods,Central,Wholesale,211,155.68,771.02,0.05,38765.48
2022-05-01,49288271,Sports,North,Wholesale,370,98.59,1839.43,0.0,45333.14
2022-05-02,f33c4bef,Electronics,West,Retail,66,243.89,1841.3,0.0,20012.16
2022-05-03,43ffe774,Electronics,West,Retail,401,319.04,1941.81,0.05,151162.49
2022-05-04,04826074,Sports,Central,Wholesale,227,91.15,1239.29,0.2,20595.78
2022-05-05,542681f2,Beauty,East,Corporate,71,25.23,4024.23,0.0,2229.75
2022-05-06,4e5a0d04,Apparel,South,Retail,166,43.44,1051.24,0.1,8081.56
2022-05-07,f3ec3af0,Home Goods,East,Retail,211,154.07,3357.08,0.0,40497.66
2022-05-08,610c6620,Electronics,South,Retail,26,275.55,1057.31,0.1,8035.63
2022-05-09,70dacbba,Electronics,Central,Corporate,331,352.59,817.41,0.05,138229.21
2022-05-10,19f82e33,Apparel,South,Retail,15,56.36,4592.43,0.15,896.26
2022-05-11,4035a94f,Apparel,West,Retail,67,59.66,1355.58,0.0,4987.52
2022-05-12,e6e9b3c6,Home Goods,North,Wholesale,334,135.57,4195.63,0.05,53695.1
2022-05-13,6eff278f,Electronics,North,Retail,421,356.35,2950.84,0.05,177974.4
2022-05-14,aba7f1ca,Sports,Central,Retail,327,87.51,850.35,0.0,35748.23
2022-05-15,b18f5d24,Sports,West,Wholesale,178,84.5,4799.52,0.0,18797.49
2022-05-16,60029db7,Home Goods,East,Corporate,462,123.01,1611.33,0.0,71052.5
2022-05-17,16397cb9,Apparel,West,Retail,91,41.05,4368.4,0.0,4672.24
2022-05-18,bd74baa9,Apparel,North,Retail,483,53.83,1259.65,0.15,27652.54
2022-05-19,746a8288,Beauty,North,Retail,477,29.49,4342.74,0.0,17608.05
2022-05-20,32d869e2,Home Goods,West,Retail,434,133.58,559.53,0.0,72597.72
2022-05-21,bffb7bba,Electronics,West,Wholesale,442,313.67,2803.01,0.1,156315.89
2022-05-22,fe92a9e4,Sports,North,Retail,228,81.09,3962.49,0.0,23170.8
2022-05-23,78012f14,Beauty,East,Retail,186,30.92,4706.58,0.05,6849.96
2022-05-24,91bbba17,Sports,Central,Retail,213,84.92,4591.41,0.0,22686.9
2022-05-25,03be0f09,Home Goods,Central,Retail,80,169.4,4188.31,0.2,13603.55
2022-05-26,8b3d962b,Home Goods,West,Retail,396,169.23,8232.49,0.15,71502.88
2022-05-27,137bac71,Apparel,Central,Wholesale,275,49.54,1396.49,0.15,14541.62
2022-05-28,5695a5b6,Sports,North,Retail,107,84.62,1778.83,0.0,11374.57
2022-05-29,f6e74e5c,Beauty,North,Wholesale,354,28.34,1800.36,0.1,11347.41
2022-05-30,7eae0da7,Electronics,West,Wholesale,300,336.67,2196.74,0.0,126984.24
2022-05-31,f2477861,Electronics,West,Retail,217,279.37,2269.94,0.0,76249.41
2022-06-01,4f54a80b,Apparel,West,Retail,11,44.17,2950.5,0.0,611.35
2022-06-02,a99b0781,Beauty,East,Retail,133,25.01,1219.46,0.05,3977.69
2022-06-03,f4a3b7ca,Sports,Central,Retail,289,88.79,3610.61,0.0,32312.98
2022-06-04,ceab9c62,Electronics,West,Retail,83,297.85,1254.05,0.05,29586.05
2022-06-05,b44c1934,Home Goods,South,Retail,175,170.44,1896.39,0.0,37589.78
2022-06-06,e7456a28,Apparel,South,Retail,31,44.42,2765.05,0.0,1736.09
2022-06-07,16412556,Sports,North,Wholesale,163,85.71,4083.98,0.1,15858.67
2022-06-08,bdb433de,Beauty,Central,Retail,436,33.69,3827.61,0.0,18533.82
2022-06-09,afb00781,Beauty,West,Wholesale,448,33.87,3404.9,0.1,17237.94
2022-06-10,4128f080,Apparel,South,Retail,304,47.68,1200.98,0.0,18303.39
2022-06-11,805f64a5,Apparel,Central,Wholesale,228,49.17,2961.7,0.1,12745.93
2022-06-12,72d23925,Electronics,North,Retail,166,276.39,893.51,0.05,55083.3
2022-06-13,72fb21d2,Electronics,East,Retail,239,351.89,2198.13,0.0,106326.79
2022-06-14,17aaded8,Beauty,Central,Wholesale,29,25.42,2360.82,0.0,932.36
2022-06-15,ec67b707,Beauty,Central,Retail,484,35.19,679.15,0.05,20472.45
2022-06-16,53b19851,Sports,East,Retail,50,96.61,1732.95,0.1,5502.85
2022-06-17,d31f9560,Sports,Central,Corporate,447,91.13,4800.42,0.0,51581.5
2022-06-18,b1f3d565,Home Goods,North,Retail,157,121.95,4791.35,0.0,24253.71
2022-06-19,09e6af5e,Beauty,North,Retail,117,29.7,2085.47,0.15,3743.08
2022-06-20,2c66d4cd,Sports,East,Wholesale,412,86.67,693.95,0.05,43006.03
2022-06-21,c24e199c,Beauty,West,Wholesale,93,25.93,1305.93,0.0,3058.42
2022-06-22,d0c65d7f,Electronics,South,Wholesale,492,318.76,2264.98,0.0,198980.9
2022-06-23,5eb2a5b3,Apparel,West,Retail,376,59.41,4765.01,0.0,28353.14
2022-06-24,7c51c027,Electronics,Central,Wholesale,331,307.45,1135.4,0.05,122758.36
2022-06-25,5f2b8585,Sports,South,Retail,423,97.72,6183.54,0.0,52507.33
2022-06-26,17763aa0,Home Goods,East,Wholesale,318,124.1,989.07,0.2,40119.55
2022-06-27,8e09845d,Electronics,East,Corporate,299,290.11,4915.66,0.0,110273.74
2022-06-28,22830bcd,Home Goods,South,Wholesale,415,126.97,2217.27,0.0,67012.9
2022-06-29,c4342726,Home Goods,North,Wholesale,332,156.76,3988.56,0.05,62903.82
2022-06-30,01ae4d8a,Apparel,South,Retail,143,58.76,2041.66,0.15,9090.5
2022-07-01,c042bcf6,Electronics,Central,Wholesale,216,319.4,3324.51,0.1,79059.27
2022-07-02,5a7805f9,Home Goods,North,Wholesale,292,124.6,1364.07,0.0,46343.97
2022-07-03,03253660,Apparel,East,Retail,275,47.08,1157.09,0.1,14848.23
2022-07-04,68bb62b5,Beauty,South,Wholesale,82,30.6,4721.29,0.05,3038.73
2022-07-05,cc65e67d,Apparel,West,Retail,490,48.05,4629.41,0.0,30025.72
2022-07-06,2ed78a2a,Beauty,West,Wholesale,361,33.99,4493.61,0.0,15654.27
2022-07-07,cba7318c,Home Goods,Central,Wholesale,57,168.87,3314.45,0.0,12284.91
2022-07-08,7bf92380,Home Goods,West,Wholesale,335,156.7,4137.21,0.0,67023.76
2022-07-09,a70ebacf,Beauty,South,Retail,242,28.47,810.67,0.15,7480.09
2022-07-10,9de62754,Apparel,South,Retail,452,45.1,2006.55,0.0,26047.76
2022-07-11,21fc5a35,Electronics,West,Retail,109,252.7,1911.66,0.2,28167.42
2022-07-12,7a5e6fcd,Electronics,South,Corporate,68,282.58,3360.4,0.05,23343.68
2022-07-13,11104757,Beauty,Central,Retail,267,28.95,2101.81,0.05,9393.96
2022-07-14,56931cf0,Home Goods,North,Retail,422,160.54,1168.28,0.05,82367.25
2022-07-15,236b22a6,Home Goods,Central,Wholesale,461,159.48,3184.1,0.0,94126.56
2022-07-16,f16b9bbc,Electronics,Central,Retail,74,248.4,4164.73,0.0,23542.8
2022-07-17,eeddbf8f,Electronics,South,Wholesale,92,287.42,2219.56,0.0,33880.46
2022-07-18,7f11c7bf,Electronics,North,Wholesale,163,261.8,1095.21,0.05,51963.09
2022-07-19,a02f96b7,Apparel,South,Wholesale,482,43.13,1385.1,0.0,26656.93
2022-07-20,c0598256,Home Goods,East,Retail,275,169.63,1568.67,0.1,53855.61
2022-07-21,42aa59dc,Apparel,South,Retail,318,40.83,1849.54,0.0,16662.07
2022-07-22,85c9c244,Apparel,South,Retail,88,48.37,3392.58,0.0,5464.5
2022-07-23,96eb6b19,Sports,South,Retail,324,78.05,3204.25,0.0,32477.24
2022-07-24,ea7b01b9,Apparel,North,Retail,159,57.58,3632.36,0.15,9998.11
2022-07-25,c7794d10,Apparel,South,Retail,444,51.13,4594.82,0.1,26260.37
2022-07-26,075ed8f6,Beauty,North,Wholesale,57,26.77,4207.99,0.0,1961.97
2022-07-27,a34112f3,Apparel,West,Wholesale,414,50.04,1418.39,0.05,25315.06
2022-07-28,8736d8a6,Home Goods,East,Retail,388,163.88,2610.68,0.0,81820.9
2022-07-29,a030fc15,Beauty,North,Wholesale,257,35.49,4104.22,0.2,9393.01
2022-07-30,9a136342,Sports,West,Corporate,287,79.93,1310.71,0.05,28064.65
2022-07-31,d1eb5103,Electronics,North,Wholesale,365,346.33,994.38,0.0,162853.1
2022-08-01,3ed9bea8,Sports,North,Wholesale,107,105.62,4476.58,0.05,13836.79
2022-08-02,08fd1163,Apparel,East,Retail,423,58.32,2043.18,0.0,31805.94
2022-08-03,7c687090,Electronics,Central,Retail,34,316.24,3577.42,0.2,11094.42
2022-08-04,5913178d,Apparel,Central,Retail,293,52.59,614.07,0.0,19881.92
2022-08-05,7937cdb9,Sports,North,Retail,458,86.51,3605.21,0.05,48586.01
2022-08-06,5a35645e,Apparel,South,Corporate,378,55.04,1922.46,0.0,26865.47
2022-08-07,0b444d6d,Apparel,West,Wholesale,310,50.62,750.83,0.1,18243.95
2022-08-08,18917adf,Home Goods,South,Retail,77,160.64,3244.16,0.1,14386.25
2022-08-09,4b77a210,Electronics,South,Retail,16,291.41,1583.62,0.05,5726.34
2022-08-10,a170f007,Electronics,North,Wholesale,314,327.77,2240.63,0.05,126450.19
2022-08-11,ceaca03f,Electronics,North,Retail,146,338.93,862.61,0.15,54418.54
2022-08-12,ddaff3c6,Electronics,North,Retail,173,257.56,1162.23,0.0,57671.01
2022-08-13,50515c34,Electronics,North,Wholesale,92,339.94,1840.9,0.0,40494.03
2022-08-14,f4bdf26f,Electronics,Central,Retail,394,304.83,903.92,0.0,155568.88
2022-08-15,0c40a440,Home Goods,North,Retail,147,170.67,4598.72,0.2,26007.65
2022-08-16,d0d586c6,Electronics,Central,Retail,429,291.75,527.21,0.0,162245.42
2022-08-17,e6c35248,Apparel,Central,Wholesale,82,47.57,2677.37,0.1,4552.62
2022-08-18,2da37d63,Beauty,North,Retail,246,34.97,1054.61,0.05,10602.15
2022-08-19,991b8e54,Apparel,East,Retail,55,45.01,1884.56,0.0,3212.76
2022-08-20,ecab8c78,Home Goods,West,Retail,115,170.64,4667.27,0.0,25477.29
2022-08-21,ee6b4442,Electronics,South,Retail,425,298.07,1227.63,0.0,164531.51
2022-08-22,0dcb8d52,Electronics,Central,Retail,297,301.68,4846.25,0.0,116415.87
2022-08-23,40bc801d,Electronics,West,Wholesale,271,277.01,1426.07,0.0,97575.59
2022-08-24,6c08fa55,Electronics,East,Retail,185,308.75,7155.74,0.0,74271.53
2022-08-25,4106390b,Electronics,South,Wholesale,175,279.02,2960.05,0.15,53988.73
2022-08-26,fd950cf6,Electronics,South,Retail,154,244.7,4480.15,0.2,39230.38
2022-08-27,990724fb,Electronics,Central,Retail,339,272.63,2992.97,0.0,120314.57
2022-08-28,4127f898,Electronics,North,Retail,379,240.76,2905.52,0.0,118832.53
2022-08-29,c5f0d7eb,Apparel,East,Retail,292,59.56,1379.56,0.0,22657.72
2022-08-30,b09c7984,Electronics,Central,Retail,63,355.88,1248.03,0.05,27759.6
2022-08-31,31f8596e,Apparel,East,Retail,187,47.89,4624.2,0.1,10508.51
2022-09-01,8df62413,Apparel,North,Retail,428,54.56,1975.27,0.0,30457.7
2022-09-02,e5059627,Home Goods,North,Wholesale,253,140.74,2174.37,0.0,46460.47
2022-09-03,0746b4ac,Electronics,Central,Retail,350,320.52,3919.21,0.1,131788.58
2022-09-04,70f99cbd,Beauty,North,Wholesale,136,33.65,2024.71,0.05,5677.1
2022-09-05,4927c016,Home Goods,West,Corporate,418,176.79,4784.28,0.0,96533.71
2022-09-06,2314697b,Electronics,South,Retail,421,288.02,3820.67,0.05,150535.78
2022-09-07,9f5f6a97,Beauty,Central,Retail,376,33.39,3188.43,0.0,16412.77
2022-09-08,b7841d0a,Sports,East,Retail,280,81.56,4464.03,0.0,29866.15
2022-09-09,239cd53f,Electronics,West,Retail,141,358.83,723.23,0.1,59574.51
2022-09-10,3322eb9f,Electronics,Central,Retail,102,243.08,1656.78,0.1,29205.73
2022-09-11,fc9bfd7c,Beauty,North,Wholesale,388,31.23,2592.66,0.0,15865.22
2022-09-12,7645c987,Home Goods,North,Retail,82,159.56,1521.4,0.15,14566.83
2022-09-13,2b7e0110,Electronics,North,Retail,420,322.55,3847.57,0.0,177509.05
2022-09-14,354b6727,Electronics,North,Wholesale,419,254.44,4636.44,0.1,125771.41
2022-09-15,8a421cb2,Apparel,East,Retail,412,58.76,2406.97,0.0,31745.69
2022-09-16,6a71f92f,Apparel,West,Wholesale,257,43.61,2039.6,0.15,12497.11
2022-09-17,d6a333e6,Home Goods,South,Retail,357,157.35,4826.98,0.15,62660.1
2022-09-18,19f5d969,Apparel,East,Retail,282,44.44,2501.84,0.0,16452.28
2022-09-19,5a31155a,Apparel,East,Retail,52,46.14,2700.72,0.15,2678.36
2022-09-20,5cc4e97a,Home Goods,South,Retail,386,152.78,2082.42,0.1,69731.68
2022-09-21,810484d3,Electronics,South,Corporate,50,290.05,4592.97,0.1,17154.76
2022-09-22,03bbcd07,Electronics,North,Retail,179,259.22,3060.3,0.0,61007.91
2022-09-23,084193c8,Home Goods,East,Corporate,443,130.25,7461.17,0.1,68305.21
2022-09-24,bb4e582f,Beauty,Central,Retail,221,29.01,4153.13,0.15,7170.58
2022-09-25,f3e36891,Apparel,South,Retail,177,55.13,2038.32,0.0,12844.63
2022-09-26,5a1f4af5,Apparel,South,Retail,48,57.95,2451.62,0.2,2930.29
2022-09-27,d9eed096,Electronics,West,Retail,378,250.09,4318.12,0.0,124531.3
2022-09-28,135b79d5,Apparel,Central,Corporate,254,47.85,2134.65,0.0,16016.63
2022-09-29,26dc71d2,Apparel,Central,Retail,160,42.0,4072.71,0.05,8416.14
2022-09-30,82fb6bfd,Electronics,South,Retail,120,241.98,4734.47,0.05,36380.57
2022-10-01,a990983d,Electronics,North,Retail,489,319.4,3304.45,0.05,195757.0
2022-10-02,9f464701,Apparel,West,Retail,445,52.04,3837.32,0.0,30564.12
2022-10-03,4d483766,Electronics,Central,Retail,56,259.55,4122.94,0.2,15352.47
2022-10-04,6f074022,Apparel,South,Retail,72,44.67,4302.68,0.0,4248.08
2022-10-05,43b18c89,Electronics,Central,Wholesale,234,242.84,2277.74,0.0,75083.5
2022-10-06,0156003c,Apparel,West,Retail,375,56.69,730.69,0.0,28100.28
2022-10-07,b41104aa,Electronics,West,Retail,78,356.95,2308.44,0.05,34975.42
2022-10-08,067d470b,Beauty,East,Retail,308,25.62,3531.9,0.15,8872.59
2022-10-09,cb0d4357,Home Goods,South,Retail,441,133.88,2526.58,0.05,74223.92
2022-10-10,26aefa03,Home Goods,West,Corporate,299,172.09,3870.33,0.1,61305.51
2022-10-11,e1153001,Beauty,East,Retail,305,35.11,2106.42,0.0,14181.59
2022-10-12,704f7227,Apparel,East,Retail,212,48.38,3356.35,0.05,12908.74
2022-10-13,1deb7a6f,Electronics,Central,Wholesale,70,246.07,1338.89,0.0,22828.6
2022-10-14,73bff7e6,Apparel,Central,Retail,443,40.78,3872.16,0.0,23951.76
2022-10-15,3f342a25,Home Goods,East,Retail,460,154.43,2955.63,0.0,94219.3
2022-10-16,fb36485b,Home Goods,Central,Corporate,327,143.56,1418.29,0.05,59172.38
2022-10-17,86f0967f,Apparel,West,Wholesale,323,40.56,1813.6,0.05,16519.7
2022-10-18,cf021f8d,Electronics,North,Corporate,170,309.98,3868.74,0.1,62974.81
2022-10-19,31c1fe60,Electronics,West,Retail,340,241.35,2671.71,0.0,109001.29
2022-10-20,41e94320,Apparel,East,Retail,25,55.74,1472.14,0.0,1851.72
2022-10-21,9e068979,Home Goods,East,Retail,347,138.38,4852.72,0.05,60639.97
2022-10-22,caf2149e,Home Goods,West,Retail,103,122.41,3718.06,0.0,16766.8
2022-10-23,bed5a218,Apparel,Central,Wholesale,313,51.76,7583.48,0.15,18319.64
2022-10-24,507f5c0a,Sports,Central,Retail,147,86.31,2421.97,0.05,16040.76
2022-10-25,3210f27d,Home Goods,East,Wholesale,347,178.42,2637.95,0.0,82425.04
2022-10-26,4013d8fd,Electronics,South,Wholesale,47,305.29,4540.8,0.2,15287.97
2022-10-27,db830f3c,Electronics,Central,Retail,136,273.02,2862.72,0.05,46996.94
2022-10-28,0bfb0f66,Electronics,West,Retail,284,325.12,3682.76,0.0,123065.89
2022-10-29,8b230dfb,Electronics,Central,Wholesale,173,272.57,1634.78,0.05,59729.17
2022-10-30,7ca609b5,Electronics,West,Retail,452,348.5,2510.27,0.0,210108.17
2022-10-31,bb28a727,Electronics,East,Wholesale,328,284.96,1055.52,0.1,112244.46
2022-11-01,5ddd7e49,Electronics,Central,Retail,86,305.97,1426.91,0.1,31611.66
2022-11-02,963c2346,Electronics,West,Retail,183,246.06,504.25,0.2,48103.03
2022-11-03,698917ae,Beauty,East,Retail,396,29.1,676.69,0.05,14623.96
2022-11-04,8e854986,Electronics,South,Corporate,467,339.87,4897.78,0.0,212102.35
2022-11-05,ad61a621,Apparel,West,Retail,367,56.1,1590.59,0.1,24771.36
2022-11-06,3784f905,Apparel,South,Wholesale,330,44.48,3484.9,0.0,19629.97
2022-11-07,2b350eb9,Sports,South,Retail,385,80.13,4275.95,0.05,39208.75
2022-11-08,af2538f1,Electronics,North,Wholesale,100,338.07,2977.97,0.05,42982.94
2022-11-09,4a2dc730,Apparel,Central,Wholesale,247,58.6,1189.15,0.0,19378.62
2022-11-10,d8af1c02,Sports,West,Retail,273,75.42,3776.52,0.0,27576.54
2022-11-11,c52577cf,Beauty,South,Retail,188,29.39,3201.13,0.15,6292.59
2022-11-12,7beff13f,Beauty,North,Wholesale,499,28.04,3790.63,0.15,15940.89
2022-11-13,a737c268,Electronics,East,Retail,218,344.47,3963.86,0.0,100689.72
2022-11-14,aadc167d,Electronics,West,Wholesale,82,250.01,4889.35,0.0,27498.6
2022-11-15,ccabf48b,Home Goods,South,Retail,399,132.66,3081.03,0.0,71025.49
2022-11-16,54873b36,Sports,Central,Wholesale,116,99.08,2037.39,0.15,13113.73
2022-11-17,cb102567,Home Goods,North,Wholesale,354,123.07,3418.09,0.0,58503.34
2022-11-18,70953931,Home Goods,South,Corporate,304,149.54,807.98,0.1,54961.74
2022-11-19,4736f49b,Electronics,Central,Retail,378,293.04,4538.29,0.0,148856.4
2022-11-20,57694e76,Beauty,South,Retail,453,28.0,1037.21,0.05,16199.08
2022-11-21,5b690570,Electronics,West,Retail,293,287.34,1975.29,0.0,113223.32
2022-11-22,cb17b543,Apparel,West,Retail,362,50.59,7120.23,0.1,22174.28
2022-11-23,a0e9b77d,Apparel,West,Retail,191,43.22,3187.91,0.0,11109.98
2022-11-24,dc4a7dcc,Apparel,North,Retail,46,51.43,2271.36,0.05,3025.9
2022-11-25,7864615c,Electronics,West,Wholesale,146,336.64,2630.46,0.0,66196.77
2022-11-26,4154ec90,Electronics,Central,Retail,347,331.21,4345.46,0.1,139365.41
2022-11-27,151e6612,Home Goods,South,Retail,65,129.23,2030.02,0.15,9623.58
2022-11-28,38f22d9a,Electronics,East,Wholesale,196,257.9,4413.42,0.0,68156.85
2022-11-29,ca1ffae9,Home Goods,Central,Retail,350,136.08,896.6,0.15,54606.53
2022-11-30,8b7e1070,Electronics,Central,Retail,267,283.32,3995.59,0.05,96969.8
2022-12-01,b668598f,Apparel,West,Corporate,454,48.16,4313.96,0.0,29513.98
2022-12-02,82907d89,Apparel,North,Corporate,67,53.58,1318.18,0.0,4847.57
2022-12-03,1b319876,Electronics,South,Retail,372,246.79,2436.56,0.0,124016.05
2022-12-04,8928dca6,Apparel,North,Retail,132,40.69,1244.75,0.1,6532.39
2022-12-05,07976dcd,Electronics,South,Wholesale,197,287.02,3679.72,0.1,68793.91
2022-12-06,415c089a,Electronics,South,Retail,239,323.65,2909.06,0.0,104607.63
2022-12-07,4d506616,Sports,North,Retail,177,78.95,3358.96,0.05,17959.72
2022-12-08,7c45f39e,Apparel,Central,Retail,429,52.82,1384.19,0.1,27600.02
2022-12-09,b76b94b2,Beauty,South,Retail,123,27.11,1452.86,0.15,3837.3
2022-12-10,d8b5272b,Electronics,North,Retail,261,346.32,686.74,0.05,116298.47
2022-12-11,2c81880a,Home Goods,South,Retail,116,173.73,1949.3,0.2,21843.17
2022-12-12,40fb8b38,Beauty,East,Wholesale,46,27.56,3018.85,0.05,1632.35
2022-12-13,02f86d37,Home Goods,Central,Corporate,344,133.79,4360.71,0.0,62401.58
2022-12-14,1bb5e4d2,Apparel,West,Retail,101,48.22,3501.17,0.1,5945.18
2022-12-15,48fd7564,Apparel,South,Wholesale,27,44.8,2459.28,0.0,1641.25
2022-12-16,fc44f523,Apparel,East,Wholesale,363,53.44,4789.04,0.0,26331.0
2022-12-17,47a69850,Sports,West,Retail,72,101.73,3736.6,0.0,9945.71
2022-12-18,65d36f06,Beauty,West,Retail,159,32.07,4685.74,0.1,6233.8
2022-12-19,54fac14f,Sports,South,Wholesale,148,101.67,2874.15,0.1,18402.27
2022-12-20,471890e7,Electronics,North,Retail,195,287.63,1665.07,0.0,76243.54
2022-12-21,20c71e05,Home Goods,South,Wholesale,194,129.37,737.72,0.0,34129.46
2022-12-22,f8162019,Sports,East,Retail,214,98.56,6028.28,0.0,28692.5
2022-12-23,b7134331,Electronics,West,Corporate,269,283.25,1045.86,0.05,98505.28
2022-12-24,391edb27,Electronics,South,Retail,223,320.54,1862.49,0.0,97310.68
2022-12-25,30df3f06,Home Goods,North,Retail,265,136.23,2896.12,0.1,44248.06
2022-12-26,20e19257,Home Goods,South,Wholesale,144,124.87,3039.87,0.0,24497.02
2022-12-27,ad8f1c3b,Beauty,Central,Retail,70,35.9,3202.62,0.0,3424.87
2022-12-28,7fb7cfce,Electronics,North,Retail,372,258.74,1248.15,0.0,131225.47
2022-12-29,7792933e,Beauty,East,Retail,319,35.85,2208.82,0.0,15597.35
2022-12-30,18621259,Electronics,West,Retail,97,357.26,3277.37,0.15,40188.84
2022-12-31,93754ee1,Electronics,South,Retail,333,335.25,4864.18,0.0,152371.12
2023-01-01,ecb05b00,Electronics,North,Corporate,485,319.12,3774.34,0.0,211321.97
2023-01-02,e7bf8826,Beauty,Central,Retail,216,30.92,4651.72,0.0,9122.24
2023-01-03,0faaddf1,Home Goods,North,Wholesale,138,171.95,3929.95,0.0,32422.64
2023-01-04,3f9447b6,Apparel,Central,Wholesale,320,45.78,3162.73,0.0,20024.05
2023-01-05,e375ef6d,Apparel,East,Corporate,12,49.34,1364.11,0.0,809.59
2023-01-06,63ba2a04,Beauty,West,Retail,471,31.42,3500.09,0.05,19230.69
2023-01-07,a1637f19,Apparel,East,Wholesale,431,48.21,3305.21,0.05,27011.02
2023-01-08,807f0776,Beauty,South,Retail,251,29.12,3211.11,0.0,10005.23
2023-01-09,a121affa,Apparel,North,Wholesale,130,46.6,2704.04,0.0,8295.64
2023-01-10,b22b0875,Apparel,Central,Wholesale,394,51.27,2878.95,0.2,22137.51
2023-01-11,04ba822e,Apparel,Central,Wholesale,111,57.0,2004.99,0.0,8670.33
2023-01-12,f42b32e6,Apparel,North,Retail,47,44.02,2836.91,0.0,2836.25
2023-01-13,e8b7f2bd,Home Goods,North,Wholesale,350,176.05,1389.0,0.0,84500.48
2023-01-14,dad80172,Apparel,South,Retail,422,53.77,4123.28,0.0,31129.06
2023-01-15,5c871b41,Electronics,East,Wholesale,142,338.78,1336.0,0.1,59418.35
2023-01-16,824e11ec,Beauty,Central,Corporate,211,30.66,882.35,0.0,8881.47
2023-01-17,b689b32d,Apparel,South,Retail,357,55.58,2463.11,0.1,24525.5
2023-01-18,eae962d7,Apparel,East,Corporate,30,40.32,3462.38,0.0,1661.84
2023-01-19,31320c86,Sports,South,Retail,251,101.45,2469.73,0.0,34997.0
2023-01-20,b8ca0c70,Home Goods,Central,Retail,464,122.4,1745.39,0.1,70275.68
2023-01-21,2e2366eb,Electronics,North,Retail,460,346.78,5921.43,0.0,219398.23
2023-01-22,9e3157fa,Sports,North,Retail,118,107.7,2061.51,0.05,16611.18
2023-01-23,e67c4648,Home Goods,East,Wholesale,312,137.63,4697.9,0.0,59102.37
2023-01-24,ea017ccb,Apparel,West,Retail,93,44.2,4651.9,0.1,5093.81
2023-01-25,011a6503,Electronics,East,Retail,92,331.83,2760.67,0.0,42049.07
2023-01-26,c3910c31,Beauty,West,Corporate,300,27.03,1975.48,0.15,9497.23
2023-01-27,3298264e,Home Goods,South,Wholesale,461,171.92,3817.1,0.0,109243.54
2023-01-28,09fe95b8,Apparel,South,Wholesale,78,42.05,665.21,0.15,3844.2
2023-01-29,d4e268d8,Beauty,Central,Wholesale,138,25.5,2636.46,0.0,4854.04
2023-01-30,b01b19b3,Beauty,West,Wholesale,205,35.74,2013.46,0.1,9098.97
2023-01-31,d16a3c2d,Electronics,Central,Retail,149,320.85,4642.41,0.0,65991.36
2023-02-01,c37e5807,Apparel,North,Retail,453,56.93,554.01,0.15,30270.15
2023-02-02,f2f663e8,Electronics,West,Wholesale,292,278.91,2987.67,0.0,112502.08
2023-02-03,575bf7f0,Home Goods,East,Retail,321,160.58,3832.99,0.0,71230.73
2023-02-04,cf87e368,Electronics,North,Wholesale,243,311.3,2682.58,0.0,104571.56
2023-02-05,88b91931,Home Goods,North,Retail,32,156.18,884.31,0.0,6911.32
2023-02-06,7f3a84c5,Beauty,East,Retail,162,32.18,4876.08,0.0,7211.8
2023-02-07,ed88dc99,Beauty,North,Retail,286,30.89,2831.05,0.15,10392.08
2023-02-08,c22975be,Apparel,West,Wholesale,70,48.57,3263.84,0.2,3765.41
2023-02-09,34b5dc23,Beauty,Central,Retail,328,27.3,1564.74,0.0,12400.81
2023-02-10,e8f9edf3,Electronics,North,Wholesale,387,332.22,2675.74,0.15,151400.14
2023-02-11,80ae7139,Beauty,West,Retail,61,26.71,2431.17,0.05,2145.14
2023-02-12,6d50b96f,Electronics,South,Retail,353,323.07,837.03,0.0,158108.65
2023-02-13,d7b897f6,Apparel,West,Wholesale,162,44.66,977.72,0.1,9030.61
2023-02-14,3625c1e0,Beauty,Central,Wholesale,246,31.49,4268.63,0.05,10210.08
2023-02-15,f299e5ea,Electronics,West,Retail,320,329.64,1579.19,0.2,117120.86
2023-02-16,c4b07e44,Electronics,East,Wholesale,311,266.24,1377.31,0.0,114959.45
2023-02-17,6584227b,Home Goods,Central,Retail,41,123.59,2772.1,0.05,6685.88
2023-02-18,c531825f,Home Goods,South,Retail,64,127.85,3959.36,0.0,11368.54
2023-02-19,3bc98a4e,Home Goods,East,Retail,361,156.35,778.76,0.0,78448.65
2023-02-20,e94b6399,Home Goods,West,Wholesale,398,170.96,7995.31,0.0,94605.05
2023-02-21,3efd5e47,Apparel,Central,Wholesale,45,40.89,1036.45,0.2,2047.45
2023-02-22,04074fce,Electronics,South,Retail,119,328.09,664.07,0.1,48891.32
2023-02-23,f906e182,Apparel,East,Wholesale,499,46.82,737.35,0.1,29267.12
2023-02-24,bf2e56f7,Electronics,South,Retail,186,297.41,4253.74,0.05,73173.49
2023-02-25,3fff875a,Sports,West,Retail,371,105.43,1030.88,0.0,54482.35
2023-02-26,b1c4554d,Home Goods,South,Retail,323,139.91,703.18,0.0,62968.74
2023-02-27,f88a7028,Apparel,North,Retail,304,49.3,2470.55,0.0,20890.57
2023-02-28,e16694ce,Apparel,East,Retail,345,40.27,4297.97,0.0,19372.53
2023-03-01,9a05b7e7,Sports,South,Retail,106,74.93,1680.84,0.1,9971.16
2023-03-02,2c2c113c,Electronics,West,Wholesale,378,271.02,2397.71,0.05,135804.46
2023-03-03,51a8072f,Home Goods,West,Retail,222,121.66,679.65,0.0,37701.08
2023-03-04,65188dc0,Apparel,South,Retail,326,52.62,2520.85,0.0,23953.95
2023-03-05,7d8bbc43,Home Goods,West,Retail,146,145.57,3099.26,0.0,29688.56
2023-03-06,3c7678f5,Electronics,Central,Retail,15,305.77,3069.08,0.0,6409.23
2023-03-07,4a2156d7,Beauty,Central,Retail,118,26.09,1995.92,0.15,3658.06
2023-03-08,b4547cc3,Sports,Central,Wholesale,44,82.64,1919.9,0.05,4830.56
2023-03-09,52b34a9b,Home Goods,North,Retail,48,159.82,979.81,0.1,9658.31
2023-03-10,b26bc0af,Home Goods,South,Wholesale,159,177.91,2150.59,0.0,39585.78
2023-03-11,9faa0f46,Sports,North,Wholesale,434,73.81,947.73,0.0,44843.75
2023-03-12,4816871d,Home Goods,West,Retail,127,173.41,3949.68,0.0,30841.12
2023-03-13,05fd4d44,Electronics,North,Wholesale,270,309.22,4848.23,0.15,99416.32
2023-03-14,ace64706,Home Goods,West,Retail,435,153.82,4865.34,0.1,84393.14
2023-03-15,b44a4621,Home Goods,West,Wholesale,96,150.01,4392.82,0.0,20188.73
2023-03-16,d16d524d,Apparel,East,Retail,474,41.38,3203.56,0.05,26131.54
2023-03-17,2ce1db3b,Home Goods,Central,Retail,85,125.38,3653.9,0.0,14951.16
2023-03-18,1397b91e,Sports,West,Retail,480,93.62,1783.43,0.05,59912.3
2023-03-19,30cf6fd0,Sports,East,Retail,473,84.27,3338.47,0.15,47565.32
2023-03-20,37b67c68,Apparel,Central,Retail,460,58.33,2550.42,0.05,35798.56
2023-03-21,d0eea259,Electronics,West,Retail,423,288.78,2669.08,0.05,163033.94
2023-03-22,346aa003,Sports,West,Retail,322,77.15,8744.12,0.0,34913.5
2023-03-23,655c793a,Beauty,North,Corporate,392,32.57,1768.63,0.0,17949.82
2023-03-24,209f9afb,Electronics,North,Wholesale,223,275.19,1931.18,0.0,86307.46
2023-03-25,7cbf679e,Sports,Central,Retail,466,90.91,4660.89,0.0,59602.29
2023-03-26,07007bf1,Beauty,West,Retail,294,32.36,753.01,0.1,12050.86
2023-03-27,81ecd8af,Apparel,South,Wholesale,248,57.99,2685.35,0.1,18223.07
2023-03-28,dc8eea21,Home Goods,North,Wholesale,174,167.52,4607.6,0.0,41052.96
2023-03-29,112103b5,Apparel,Central,Wholesale,96,53.52,3246.63,0.1,6514.98
2023-03-30,b21c8000,Electronics,West,Retail,150,321.55,2958.83,0.0,67979.34
2023-03-31,7bbb61fb,Apparel,West,Retail,169,58.91,1623.85,0.0,14036.77
2023-04-01,e02e068d,Beauty,South,Retail,55,27.54,2044.74,0.0,2136.35
2023-04-02,5c72577c,Electronics,Central,Retail,381,240.13,4334.22,0.0,129083.58
2023-04-03,4a01ea17,Apparel,West,Wholesale,121,45.43,3016.48,0.0,7758.57
2023-04-04,8382450c,Apparel,North,Wholesale,416,44.35,2816.34,0.0,26049.21
2023-04-05,db395edd,Apparel,South,Retail,54,53.23,948.11,0.0,4059.87
2023-04-06,f30e771c,Sports,Central,Wholesale,410,94.8,572.13,0.2,43933.68
2023-04-07,3f00586d,Apparel,South,Retail,256,51.86,4836.58,0.0,18764.7
2023-04-08,f01f4471,Apparel,North,Retail,113,40.32,2196.44,0.0,6442.02
2023-04-09,34243b4d,Home Goods,Central,Retail,94,163.72,3214.46,0.0,21767.39
2023-04-10,d0407a01,Apparel,South,Corporate,459,46.46,858.72,0.05,28664.6
2023-04-11,abe60272,Electronics,East,Retail,494,319.8,3574.01,0.0,223609.03
2023-04-12,66fac907,Apparel,North,Corporate,143,51.12,4696.55,0.1,9315.51
2023-04-13,3a899fc6,Electronics,North,Wholesale,117,281.12,3090.49,0.05,44258.04
2023-04-14,96bcc181,Electronics,North,Retail,27,256.14,1067.52,0.05,9309.13
2023-04-15,78c41068,Apparel,East,Retail,103,41.88,3117.75,0.05,5808.52
2023-04-16,2b1983db,Apparel,East,Wholesale,159,56.62,3948.56,0.0,12764.92
2023-04-17,17502b22,Sports,West,Retail,255,105.05,2328.87,0.0,37996.24
2023-04-18,f61d0cdd,Apparel,South,Corporate,298,52.99,4459.27,0.0,22406.18
2023-04-19,30f8b6a9,Home Goods,West,Corporate,423,126.2,3419.07,0.05,71983.68
2023-04-20,489966c5,Home Goods,South,Retail,218,144.11,4546.62,0.0,44608.18
2023-04-21,b67f66df,Electronics,East,Retail,135,327.46,6310.41,0.0,62792.67
2023-04-22,ef1529cd,Home Goods,East,Corporate,244,166.78,1090.8,0.2,46258.73
2023-04-23,22e49db9,Electronics,West,Wholesale,425,254.18,1893.61,0.0,153551.18
2023-04-24,e418fbe3,Sports,Central,Retail,435,71.99,1408.08,0.1,40075.57
2023-04-25,d644e1de,Electronics,West,Retail,471,325.45,4589.72,0.1,196234.92
2023-04-26,7a32bf88,Apparel,South,Retail,131,47.12,3921.8,0.0,8783.3
2023-04-27,d88abd02,Electronics,West,Corporate,147,270.53,3543.79,0.0,56606.57
2023-04-28,0f162223,Sports,North,Wholesale,124,72.46,1854.35,0.0,12794.01
2023-04-29,2102ecff,Apparel,South,Wholesale,429,50.8,1328.2,0.05,29490.63
2023-04-30,91859f6d,Home Goods,South,Retail,171,171.06,3904.03,0.05,39596.81
2023-05-01,4b1b1b6f,Electronics,Central,Retail,210,354.9,2633.71,0.1,95611.98
2023-05-02,defe5ce9,Home Goods,East,Wholesale,243,153.93,1516.05,0.15,45336.23
2023-05-03,6d7e7be6,Electronics,South,Retail,37,301.73,3274.8,0.05,15128.41
2023-05-04,a97a7694,Beauty,East,Retail,20,25.01,681.5,0.0,713.75
2023-05-05,28be73f5,Electronics,West,Retail,215,305.85,1967.77,0.0,93864.42
2023-05-06,af14a4f7,Electronics,North,Wholesale,176,285.59,2608.51,0.1,64595.83
2023-05-07,a32a6837,Electronics,Central,Corporate,256,312.85,1165.81,0.0,114402.26
2023-05-08,c428f939,Apparel,East,Retail,56,47.76,4930.95,0.0,3821.76
2023-05-09,11eb5db0,Home Goods,South,Retail,255,134.41,1440.94,0.1,44093.75
2023-05-10,5c49c0e5,Electronics,East,Wholesale,136,251.39,1086.59,0.0,48887.93
2023-05-11,ef82aad0,Beauty,South,Corporate,156,27.77,1415.91,0.15,5267.28
2023-05-12,cba5bc79,Apparel,East,Retail,127,41.92,3960.78,0.05,7237.14
2023-05-13,5b5a7a64,Apparel,South,Retail,408,43.53,2414.78,0.0,25422.57
2023-05-14,5eaa5426,Apparel,West,Retail,391,59.73,3044.37,0.15,28425.66
2023-05-15,7a52ec59,Apparel,South,Wholesale,421,48.87,594.54,0.0,29471.25
2023-05-16,4bbc72a5,Home Goods,South,Retail,161,151.9,654.94,0.0,35043.66
2023-05-17,0a984f5b,Electronics,North,Retail,81,344.82,2506.21,0.0,40036.4
2023-05-18,9f12428a,Electronics,South,Wholesale,372,359.46,4174.95,0.0,191744.38
2023-05-19,27a6b911,Beauty,North,Wholesale,146,30.98,4483.57,0.0,6488.06
2023-05-20,3d458b37,Sports,Central,Retail,184,101.24,890.18,0.0,26730.2
2023-05-21,75d9908d,Apparel,North,Wholesale,298,46.53,6635.2,0.0,19903.66
2023-05-22,ea5e727a,Electronics,West,Retail,455,276.68,4609.53,0.0,180769.11
2023-05-23,e2c35627,Home Goods,North,Retail,490,144.15,2245.88,0.1,91314.48
2023-05-24,b515fc56,Apparel,Central,Retail,28,53.44,4233.05,0.1,1935.11
2023-05-25,48f08c11,Electronics,West,Wholesale,204,321.85,1101.63,0.0,94378.4
2023-05-26,0e7e9ba7,Electronics,East,Retail,339,277.82,4709.28,0.0,135426.4
2023-05-27,897068a2,Home Goods,East,Wholesale,433,127.98,3881.4,0.0,79711.56
2023-05-28,bf2ea70e,Home Goods,North,Wholesale,184,157.93,4736.0,0.0,41814.3
2023-05-29,07b04b58,Electronics,North,Wholesale,499,255.39,3544.78,0.1,165097.44
2023-05-30,8e712b25,Electronics,Central,Wholesale,458,309.41,2135.32,0.1,183648.21
2023-05-31,40382c8d,Electronics,Central,Wholesale,422,323.2,4721.82,0.0,196462.25
2023-06-01,b26d8eb3,Home Goods,South,Retail,443,162.03,1740.05,0.0,103429.72
2023-06-02,d86e00ed,Electronics,Central,Retail,363,330.41,1994.78,0.0,172884.8
2023-06-03,e85e9f25,Electronics,South,Corporate,150,344.73,3653.64,0.05,70833.99
2023-06-04,ffbc4267,Beauty,West,Retail,255,29.99,3943.92,0.0,11031.01
2023-06-05,f3293792,Electronics,North,Wholesale,394,327.62,4682.32,0.2,149006.69
2023-06-06,47a8a965,Home Goods,West,Corporate,427,157.14,1421.61,0.1,87167.96
2023-06-07,11872ed4,Electronics,Central,Retail,102,262.39,4090.99,0.0,38645.4
2023-06-08,71eb8ce5,Electronics,West,Wholesale,441,243.07,3823.46,0.05,147093.81
2023-06-09,ec8ce0f1,Electronics,West,Retail,248,274.14,787.08,0.15,83501.51
2023-06-10,df59cbc1,Home Goods,West,Retail,214,146.57,2242.5,0.05,43070.92
2023-06-11,8c998fdc,Beauty,Central,Retail,57,31.39,1772.44,0.0,2587.13
2023-06-12,a01f69a4,Beauty,West,Retail,442,34.19,1870.21,0.0,21858.67
2023-06-13,590285a7,Apparel,South,Wholesale,254,43.92,4923.26,0.1,14527.51
2023-06-14,0ca49d01,Home Goods,Central,Wholesale,329,127.52,3392.5,0.05,57690.01
2023-06-15,5b1acc2f,Electronics,West,Wholesale,326,355.61,3729.54,0.05,159466.01
2023-06-16,c6780ed3,Electronics,Central,Retail,422,252.96,4894.78,0.15,131427.51
2023-06-17,6775a6b5,Beauty,East,Retail,304,29.73,2197.41,0.15,11131.16
2023-06-18,49e4be73,Electronics,South,Wholesale,137,310.26,4108.28,0.15,52368.29
2023-06-19,0ff7df8d,Electronics,West,Retail,353,304.95,2455.39,0.0,156083.27
2023-06-20,ca3fe32d,Electronics,East,Corporate,291,250.32,9141.69,0.05,100372.57
2023-06-21,fe3414a0,Electronics,East,Wholesale,26,246.84,1312.96,0.1,8380.77
2023-06-22,0cf98c17,Electronics,Central,Wholesale,80,252.65,4764.59,0.1,26403.06
2023-06-23,1b9fb8d9,Home Goods,East,Corporate,278,155.12,1484.47,0.05,59482.39
2023-06-24,1a830f78,Apparel,South,Retail,334,50.88,1967.99,0.0,24682.86
2023-06-25,3f9cab61,Beauty,South,Wholesale,291,26.8,3902.87,0.1,10198.16
2023-06-26,8adb3739,Beauty,North,Retail,314,31.64,2271.9,0.1,12996.0
2023-06-27,0de314d1,Apparel,South,Corporate,460,56.39,3236.95,0.0,37714.69
2023-06-28,ac7a8fe7,Electronics,East,Retail,16,244.98,2500.58,0.0,5701.0
2023-06-29,c3d8d262,Apparel,South,Wholesale,323,49.95,3840.66,0.0,23474.02
2023-06-30,fd871748,Home Goods,Central,Wholesale,314,161.35,1527.49,0.0,73739.05
2023-07-01,8f4fda9a,Electronics,North,Retail,112,270.27,763.06,0.0,44072.14
2023-07-02,c0379992,Home Goods,East,Retail,318,138.46,1849.68,0.0,64128.19
2023-07-03,34dcf516,Apparel,North,Wholesale,202,52.26,2634.39,0.05,14611.38
2023-07-04,1f92d979,Home Goods,East,Retail,250,173.86,1256.09,0.05,60180.97
2023-07-05,3db5ecfd,Apparel,Central,Retail,71,56.19,2096.59,0.05,5525.68
2023-07-06,4128cf98,Electronics,North,Retail,26,309.97,2299.92,0.1,10578.63
2023-07-07,3bc86cdd,Sports,West,Retail,180,98.28,758.26,0.0,25809.57
2023-07-08,aac0bfd6,Beauty,East,Wholesale,34,28.37,3124.88,0.0,1407.77
2023-07-09,7128b652,Electronics,West,Retail,260,316.91,4479.55,0.15,102251.38
2023-07-10,98e3c1cd,Beauty,North,Retail,262,29.58,1182.84,0.0,11318.51
2023-07-11,463601e4,Apparel,West,Retail,396,43.79,3190.14,0.2,20267.43
2023-07-12,22316cc6,Beauty,West,Retail,216,32.41,3491.33,0.1,9207.94
2023-07-13,38af0d5c,Beauty,North,Retail,38,30.67,2387.01,0.05,1618.67
2023-07-14,a0208d3a,Apparel,Central,Retail,126,47.16,3654.94,0.2,6952.15
2023-07-15,750a5799,Electronics,West,Retail,425,349.35,2348.29,0.0,217211.6
2023-07-16,b1eef7f7,Electronics,West,Retail,291,242.5,2770.87,0.0,103272.96
2023-07-17,84d1175c,Apparel,Central,Wholesale,389,46.31,533.09,0.05,25054.08
2023-07-18,d7030c1b,Home Goods,West,Retail,153,123.4,3612.74,0.0,27649.38
2023-07-19,37cc5516,Electronics,West,Wholesale,34,331.97,3476.04,0.15,14054.78
2023-07-20,6ee9fbd9,Electronics,West,Retail,319,324.24,2691.36,0.0,151576.84
2023-07-21,57655ba3,Beauty,South,Retail,165,27.97,2157.13,0.05,6427.23
2023-07-22,ee21195a,Sports,Central,Wholesale,82,96.31,4905.64,0.05,11002.24
2023-07-23,5ac16cab,Apparel,West,Retail,129,47.91,2393.31,0.05,8613.11
2023-07-24,475cf5a9,Electronics,Central,Wholesale,321,330.74,2758.75,0.0,155797.41
2023-07-25,ce20979c,Electronics,East,Wholesale,330,294.49,4594.69,0.0,142659.62
2023-07-26,eaec8f88,Electronics,East,Retail,102,289.46,3727.68,0.1,39020.77
2023-07-27,d7217576,Sports,West,Wholesale,95,105.64,3119.32,0.0,14742.28
2023-07-28,f35defc3,Electronics,Central,Wholesale,345,270.1,4090.12,0.1,123238.6
2023-07-29,7a9caa44,Home Goods,Central,Retail,434,127.22,4389.65,0.05,77104.05
2023-07-30,7e8a5181,Electronics,Central,Retail,373,310.13,2556.0,0.1,153091.62
2023-07-31,c13176b6,Home Goods,South,Retail,444,178.15,2637.99,0.1,104716.57
2023-08-01,10bacabf,Home Goods,East,Wholesale,127,142.66,2237.23,0.0,26659.86
2023-08-02,70846de9,Beauty,Central,Wholesale,242,24.74,4850.18,0.05,8372.17
2023-08-03,a2a0708f,Electronics,Central,Corporate,208,280.71,3637.25,0.15,73078.11
2023-08-04,5c7ca220,Electronics,South,Wholesale,215,300.7,874.5,0.0,95228.44
2023-08-05,5a02a3ab,Electronics,South,Retail,422,259.42,4383.32,0.2,129047.09
2023-08-06,c0f53308,Sports,Central,Retail,348,95.68,2662.52,0.0,49078.38
2023-08-07,75c3210a,Beauty,North,Wholesale,156,35.96,809.39,0.0,8271.45
2023-08-08,60fa636b,Home Goods,Central,Retail,459,147.09,2973.73,0.0,99581.92
2023-08-09,62dca394,Home Goods,Central,Corporate,434,141.27,2377.24,0.2,72370.51
2023-08-10,492989ff,Home Goods,South,Retail,438,144.03,4449.87,0.0,93112.15
2023-08-11,d90269f4,Electronics,South,Retail,280,253.81,1417.98,0.15,89189.19
2023-08-12,30ab6862,Sports,Central,Wholesale,396,103.79,4219.09,0.15,51599.25
2023-08-13,bd8c6b6a,Apparel,Central,Wholesale,148,48.29,3009.6,0.0,10559.41
2023-08-14,bd7d7742,Apparel,Central,Retail,190,47.74,745.75,0.0,13406.15
2023-08-15,30601743,Apparel,South,Wholesale,439,53.18,4873.3,0.1,31064.93
2023-08-16,a15be6e4,Electronics,Central,Retail,39,293.03,2806.77,0.0,16902.02
2023-08-17,1b43031f,Electronics,Central,Wholesale,66,317.78,1808.95,0.1,27926.85
2023-08-18,25892a0f,Home Goods,West,Wholesale,241,123.68,2612.33,0.0,44113.59
2023-08-19,b36f9cf9,Electronics,North,Wholesale,155,337.64,8792.41,0.0,77479.76
2023-08-20,a5bb0c85,Home Goods,East,Wholesale,444,176.42,1872.06,0.1,104405.36
2023-08-21,2e2748d3,Electronics,North,Retail,393,317.84,1367.04,0.0,185053.51
2023-08-22,d549c032,Apparel,West,Retail,57,59.08,1080.82,0.0,4990.66
2023-08-23,0703f967,Electronics,East,Corporate,203,258.16,1840.37,0.0,77691.69
2023-08-24,c562207f,Apparel,Central,Retail,233,49.54,4010.22,0.0,17117.81
2023-08-25,a97303f5,Home Goods,West,Corporate,145,156.1,2622.32,0.05,31899.01
2023-08-26,83e293df,Electronics,Central,Retail,31,309.8,1523.67,0.1,12826.7
2023-08-27,f39212e1,Home Goods,South,Wholesale,15,144.08,1247.83,0.0,3208.27
2023-08-28,50b4da17,Apparel,West,Wholesale,213,46.75,1997.28,0.05,14047.75
2023-08-29,f9440c0a,Home Goods,South,Corporate,248,127.6,4729.66,0.05,44657.5
2023-08-30,661f78f4,Sports,West,Retail,194,86.09,2043.62,0.0,24818.14
2023-08-31,f71583c5,Home Goods,West,Wholesale,369,129.75,4946.56,0.0,71169.63
2023-09-01,1f9f55e2,Electronics,South,Retail,301,328.11,2683.54,0.15,124828.01
2023-09-02,26208fcc,Electronics,East,Retail,344,265.05,1306.24,0.1,122062.45
2023-09-03,59435995,Electronics,North,Wholesale,229,247.02,4510.13,0.05,79963.29
2023-09-04,5fbc3c32,Home Goods,Central,Wholesale,125,153.13,2571.6,0.05,27066.95
2023-09-05,5ba21cc6,Electronics,West,Corporate,322,311.42,3693.52,0.0,149311.71
2023-09-06,f80449c6,Apparel,Central,Retail,58,57.43,4926.7,0.05,4713.33
2023-09-07,1c159afc,Home Goods,South,Retail,182,154.61,725.79,0.05,39830.52
2023-09-08,6c46bc3f,Apparel,Central,Retail,91,46.9,935.13,0.05,6043.2
2023-09-09,e43340eb,Beauty,South,Retail,331,33.62,3742.06,0.0,16592.08
2023-09-10,10339343,Electronics,Central,Retail,342,304.82,1768.21,0.0,155485.66
2023-09-11,c976fbf5,Electronics,North,Wholesale,54,249.51,1329.36,0.0,20102.41
2023-09-12,2861207a,Home Goods,North,Retail,344,153.94,677.13,0.2,63228.38
2023-09-13,db97cb36,Apparel,North,Corporate,29,58.15,598.31,0.0,2517.71
2023-09-14,abcf43a1,Home Goods,North,Corporate,457,143.77,3985.19,0.0,98126.84
2023-09-15,c2fc32cb,Apparel,North,Wholesale,230,45.92,1104.95,0.0,15778.97
2023-09-16,0751c6b9,Electronics,North,Corporate,132,257.21,2604.74,0.0,50740.66
2023-09-17,fc22c388,Beauty,South,Wholesale,243,25.81,3226.54,0.1,8438.72
2023-09-18,9328d9b4,Beauty,West,Retail,230,29.18,7272.69,0.05,9535.03
2023-09-19,5374b415,Home Goods,Central,Retail,332,155.73,621.98,0.05,73479.2
2023-09-20,00725c2c,Electronics,North,Retail,348,249.67,4025.76,0.0,130023.34
2023-09-21,d1cdf996,Home Goods,South,Retail,12,176.36,547.31,0.1,2851.31
2023-09-22,d64e0afd,Apparel,South,Wholesale,191,55.09,3928.5,0.0,15756.95
2023-09-23,8519d1a0,Electronics,South,Retail,215,310.38,4519.87,0.0,99963.95
2023-09-24,31b9efa0,Sports,West,Wholesale,329,101.81,2447.78,0.0,50192.94
2023-09-25,f63c3859,Electronics,Central,Wholesale,49,249.61,2909.94,0.0,18334.09
2023-09-26,96c8e9c4,Sports,West,Retail,68,89.16,2646.43,0.0,9091.29
2023-09-27,afabaa6a,Apparel,East,Corporate,448,52.59,2251.44,0.05,33573.46
